Age,Gender,TuitionSupport,SchoolType,Strand,CGPA,SelectedCollegeScore,TotalUnits,Performance
19,F,Parents,Private,ABM,84.56,33.1,23,medium
19,F,Parents,Private,STEM,94,70.65,26,high
18,M,Scholarships and Grants,Public,HUMSS,94.5,54.7,25,high
19,F,Parents,Private,ABM,91.44,50.4,23,high
19,F,Relatives,Private,ABM,94,76.95,26,high
18,F,Parents,Private,ABM,96.82,80.6,26,high
18,F,Parents,Public,ABM,92,42.35,23,high
19,F,Parents,Private,STEM,91.5,68.5,25,high
19,F,Parents,Private,TVL,95.65,81.1,36,high
18,F,Parents,Private,ABM,90.42,56.1,26,high
19,F,Relatives,Private,ABM,96.5,76.6,23,high
18,M,Parents,Private,STEM,88.93,77.25,25,medium
19,M,Parents,Public,ABM,94,48.2,23,high
19,M,Parents,Private,STEM,88.93,44.7,23,high
19,F,Parents,Private,HUMSS,82.16,17.25,23,mlow
18,M,Parents,Private,TVL,90.82,57.5,26,high
19,M,Parents,Private,STEM,96.4,85.2,25,high
19,M,Parents,Private,TVL,88,47.75,25,mlow
18,M,Parents,Private,STEM,83.22,46.7,25,medium
19,M,Scholarships and Grants,Private,STEM,95.5,85.5,25,high
19,M,Parents,Private,STEM,94,75.1,25,medium
18,F,Parents,Private,STEM,89.83,85.1,23,high
19,M,Parents,Private,STEM,91.5,52.5,25,high
19,F,Parents,Private,GAS,96.39,64.65,23,high
20,M,Parents,Private,ABM,86.5,61.5,26,medium
18,M,Parents,Private,ABM,86,72.55,26,medium
18,F,Parents,Private,STEM,82.63,77.3,26,high
18,M,Parents,Private,STEM,89.03,40.1,25,medium
18,M,Parents,Private,ABM,92.5,54.8,26,high
18,M,Scholarships and Grants,Public,STEM,95,61.55,25,medium
19,M,Relatives,Private,HUMSS,87.71,49.25,26,high
18,F,Relatives,Private,STEM,89.32,71.55,26,high
19,M,Parents,Public,STEM,90.5,73.8,25,high
18,M,Parents,Private,TVL,88,51.1,25,medium
19,M,Parents,Private,STEM,83.32,31.05,26,mlow
19,F,Parents,Private,HUMSS,92.5,69.3,26,high
19,M,Scholarships and Grants,Private,STEM,94.04,83.1,25,high
18,F,Parents,Private,ABM,94.5,77.65,26,high
19,M,Parents,Private,STEM,92.14,69.1,26,high
19,M,Parents,Private,STEM,97.06,75.25,25,high
18,F,Parents,Private,ABM,90.5,47.95,23,high
19,M,Parents,Public,TVL,87,46.3,26,high
18,M,Scholarships and Grants,Public,STEM,93.18,49.95,25,high
19,M,Scholarships and Grants,Private,STEM,88.07,69.15,25,medium
18,M,Parents,Private,TVL,95.5,59.45,25,high
18,M,Scholarships and Grants,Private,STEM,95.05,88.6,25,high
19,M,Loans,Private,STEM,90.68,80.05,25,high
20,F,Parents,Private,HUMSS,88.25,70.5,23,high
18,F,Parents,Public,STEM,93.5,80.4,25,high
18,F,Parents,Public,ABM,96,76.6,26,high
19,F,Parents,Private,HUMSS,84.92,50.5,26,high
18,F,Scholarships and Grants,Private,ABM,96.5,78.6,26,high
19,F,Parents,Private,STEM,92,59.15,25,high
19,M,Parents,Private,STEM,92,69.05,25,high
20,F,Parents,Private,STEM,90.68,54.15,25,medium
19,M,Relatives,Private,STEM,90.41,72.15,25,medium
19,M,Parents,Private,STEM,85.92,59.7,25,mlow
19,M,Parents,Private,STEM,86.82,79.05,25,medium
19,F,Parents,Private,STEM,93,44.7,26,medium
18,M,Parents,Private,HUMSS,86.88,53.95,26,high
19,M,Parents,Private,STEM,89.47,74.45,25,high
19,M,Parents,Private,ABM,93,79.2,23,high
18,M,Parents,Private,ABM,90,63.05,23,medium
18,M,Parents,Private,STEM,89,42.3,25,medium
18,M,Parents,Private,ABM,95,73.05,26,high
19,F,Parents,Private,ABM,89.5,58.35,23,high
18,F,Parents,Private,ABM,88.67,71.2,25,medium
19,F,Parents,Private,STEM,85.49,59.8,23,high
19,M,Parents,Private,STEM,90,56.05,25,medium
19,F,Parents,Private,ABM,92.25,79.25,26,high
19,M,Parents,Private,ABM,92.16,84.25,26,high
18,M,Parents,Private,ABM,89.91,82.6,23,high
19,F,Parents,Private,TVL,94.57,77.95,23,high
18,M,Parents,Private,STEM,84.29,64.45,25,medium
18,F,Parents,Private,TVL,94.5,81.95,26,high
19,F,Relatives,Private,ABM,93.5,48.35,26,high
19,M,Parents,Private,STEM,90.29,66.15,25,medium
20,F,Scholarships and Grants,Private,TVL,94.5,82.95,26,high
19,M,Parents,Private,ABM,90.5,82.25,26,high
18,M,Parents,Private,STEM,92,82.15,25,high
19,F,Parents,Private,HUMSS,95,45.25,25,medium
18,M,Parents,Public,STEM,93,47.2,25,high
18,F,Parents,Private,ABM,85,53.9,26,high
19,M,Parents,Private,STEM,82.48,62.9,25,mlow
19,M,Parents,Private,STEM,83.47,68.05,23,medium
18,F,Parents,Private,STEM,96,60.95,23,high
18,F,Parents,Private,STEM,96.5,84.75,26,high
19,M,Parents,Private,ABM,93,40.85,23,high
18,F,Parents,Public,TVL,92,71.6,25,high
18,F,Parents,Private,STEM,93.25,76.6,25,high
19,F,Parents,Private,ABM,89.49,60.95,26,high
19,F,Parents,Private,ABM,83.55,61.4,26,medium
19,M,Parents,Private,STEM,85.72,45.05,25,medium
18,F,Parents,Public,TVL,87.5,65,26,high
19,F,Parents,Private,ABM,88,48.6,26,high
19,M,Parents,Private,STEM,88.5,47.25,25,medium
18,F,Parents,Private,ABM,92.03,52.45,26,high
19,M,Relatives,Private,STEM,92.42,77.65,25,high
19,F,Parents,Private,ABM,92.44,65.65,25,high
19,M,Parents,Private,STEM,94.56,88.05,26,high
18,F,Parents,Private,ABM,90.08,80.8,23,high
18,M,Relatives,Private,ABM,88.22,61.8,23,high
19,M,Scholarships and Grants,Public,TVL,89,74.35,23,high
19,M,Parents,Public,ABM,85.5,50.3,23,medium
19,F,Scholarships and Grants,Public,ABM,92,56.25,26,high
18,F,Parents,Private,ABM,95.5,70,26,high
19,M,Parents,Private,STEM,86.68,69.45,25,high
20,M,Parents,Private,STEM,82.43,30.9,23,high
18,F,Parents,Private,ABM,86.74,76.3,26,high
19,F,Parents,Private,ABM,95.18,41.2,26,high
19,M,Parents,Private,STEM,88.79,62.85,25,high
20,F,Self,Private,TVL,86.04,21.05,26,high
19,F,Parents,Private,STEM,88.78,67.8,26,high
20,M,Parents,Private,STEM,87.36,66.8,25,high
19,F,Parents,Private,ABM,83.03,57.7,23,high
19,M,Parents,Private,STEM,88.31,58.4,25,mlow
18,F,Parents,Private,STEM,85.79,49.55,23,medium
17,F,Parents,Private,ABM,93.37,76.55,25,high
19,M,Parents,Private,ABM,92,81.05,23,medium
18,F,Parents,Private,STEM,95,86.8,25,high
19,F,Parents,Private,STEM,89.44,82.25,25,high
18,M,Relatives,Private,TVL,88,56.1,26,high
19,M,Parents,Private,STEM,82,42.35,23,medium
18,F,Parents,Private,ABM,90.92,71.8,23,high
18,F,Parents,Private,ABM,90.42,91.1,23,high
18,M,Parents,Private,STEM,91,78.25,23,high
18,M,Parents,Public,STEM,93.66,81.45,25,high
19,F,Parents,Private,STEM,92.08,85.5,31,high
18,M,Scholarships and Grants,Private,STEM,92.29,91.6,25,high
19,F,Parents,Private,STEM,92.94,76.3,25,high
19,M,Parents,Private,STEM,78.5,52.85,25,medium
17,F,Parents,Private,HUMSS,90.04,69.5,23,high
18,F,Parents,Public,STEM,91.8,66.5,26,high
19,F,Parents,Private,ABM,91.24,70.4,26,high
19,M,Parents,Private,HUMSS,81.83,83.7,23,medium
18,M,Parents,Public,TVL,86.5,46.1,25,mlow
19,F,Parents,Private,STEM,86.75,84.75,25,high
18,F,Scholarships and Grants,Private,TVL,93.04,75.3,23,high
19,M,Parents,Private,GAS,88,72.35,26,mlow
19,M,Parents,Private,ABM,89.19,64.35,26,high
19,M,Scholarships and Grants,Private,STEM,86.73,63.4,25,high
19,F,Scholarships and Grants,Public,TVL,94,61.95,26,high
17,F,Scholarships and Grants,Private,ABM,89,58.5,26,high
18,F,Scholarships and Grants,Public,STEM,90,77.3,26,high
18,M,Parents,Private,ABM,89.85,87.3,26,high
19,M,Parents,Private,HUMSS,94.51,76.9,26,high
18,M,Parents,Private,STEM,85.65,56.75,25,medium
19,M,Parents,Private,STEM,86,77.1,25,high
18,M,Parents,Private,ABM,92.75,45.25,26,high
18,M,Relatives,Private,STEM,80.82,38.75,26,mlow
19,F,Parents,Private,STEM,86.5,52.5,26,mlow
18,M,Parents,Private,STEM,91.93,76.6,25,high
19,M,Parents,Private,GAS,86,50.1,25,medium
18,F,Parents,Private,STEM,87.83,85,23,high
19,M,Parents,Public,STEM,93,75.45,25,high
19,F,Parents,Public,STEM,91.5,48.35,26,high
18,F,Parents,Public,STEM,91.5,72.2,23,high
18,M,Parents,Private,STEM,86.5,59.6,25,medium
18,F,Parents,Private,ABM,88.78,43.3,23,high
19,F,Parents,Private,STEM,95.5,85.9,25,high
18,F,Parents,Private,HUMSS,91.97,85.05,23,high
19,M,Parents,Private,ABM,89.72,64,23,high
20,M,Parents,Private,STEM,97,67.95,25,high
19,M,Parents,Private,STEM,91,68.8,26,high
18,F,Parents,Private,ABM,89.34,85.4,26,high
19,M,Parents,Private,STEM,87,72.7,23,medium
17,M,Parents,Private,STEM,87.5,63.4,25,mlow
19,F,Relatives,Private,HUMSS,89.57,65.9,23,high
19,F,Parents,Private,HUMSS,85,50.5,23,high
19,F,Parents,Private,ABM,81,53.35,23,high
19,F,Parents,Private,STEM,85.89,67.25,23,high
18,F,Parents,Private,ABM,94.5,58.1,26,high
19,M,Parents,Private,STEM,90.23,70.15,23,high
18,M,Parents,Private,STEM,82.47,62.75,25,mlow
19,F,Parents,Private,STEM,92.25,58.4,26,high
19,M,Parents,Private,STEM,91.61,72.75,23,high
19,F,Relatives,Private,HUMSS,95.6,86.95,23,high
19,M,Parents,Private,ABM,90.75,59,26,high
18,F,Parents,Private,ABM,92.72,47.05,26,high
18,M,Parents,Private,STEM,91.5,75,25,high
18,F,Parents,Private,STEM,85.82,75.95,26,high
19,M,Parents,Private,STEM,90,65.45,25,medium
19,F,Parents,Private,ABM,89,46.2,23,high
19,F,Parents,Private,ABM,89.76,66.6,23,high
19,F,Parents,Private,ABM,90.37,74.4,26,medium
19,F,Parents,Private,STEM,83.11,82.65,25,mlow
19,F,Parents,Private,HUMSS,87.66,84.3,26,high
18,M,Scholarships and Grants,Private,HUMSS,82.03,36.45,26,medium
19,M,Parents,Private,STEM,86.25,81.85,25,high
20,M,Parents,Public,TVL,92.5,76.15,26,high
18,F,Parents,Public,STEM,86,67.05,26,high
19,M,Parents,Public,TVL,87,46.15,26,medium
18,F,Relatives,Private,GAS,86.5,70.85,23,medium
19,F,Parents,Private,ABM,86.91,65.8,25,medium
19,M,Parents,Private,STEM,91.93,86.85,25,high
19,M,Parents,Private,HUMSS,88.5,53.7,25,high
19,F,Parents,Private,STEM,84.57,33.4,23,high
19,F,Parents,Private,STEM,91.22,84.9,31,high
19,F,Parents,Private,STEM,94.5,82.55,25,high
19,M,Relatives,Private,STEM,90.86,89.5,25,high
19,F,Parents,Public,ABM,92.75,83.4,26,high
18,F,Parents,Private,ABM,88.06,82.9,26,high
20,F,Parents,Private,STEM,89.35,76.25,26,high
19,F,Parents,Private,ABM,90.75,66.3,26,high
18,M,Parents,Private,STEM,91.22,85.05,23,high
19,M,Parents,Private,STEM,87.58,74.45,26,medium
18,M,Relatives,Private,ABM,94.69,70.8,26,high
19,M,Parents,Private,STEM,88.18,32.7,23,high
19,M,Parents,Public,STEM,88,53.5,23,mlow
19,F,Parents,Private,STEM,89.4,70.15,23,high
19,F,Parents,Private,TVL,85.82,52.3,26,high
18,F,Scholarships and Grants,Private,HUMSS,97.44,97.4,26,high
19,F,Parents,Public,STEM,93.16,90.85,25,high
18,F,Parents,Private,ABM,89.57,53.25,23,high
18,F,Parents,Public,ABM,90.5,52.55,26,high
19,F,Parents,Private,STEM,90.41,59.8,26,high
19,F,Scholarships and Grants,Private,ABM,96,72.55,23,high
18,M,Parents,Private,STEM,87,54,25,medium
18,M,Parents,Public,STEM,92.5,86.65,23,high
18,F,Parents,Private,HUMSS,85.75,50.7,23,high
18,F,Parents,Private,STEM,92.5,83.9,25,high
18,F,Parents,Private,ABM,93.13,79.35,26,high
19,M,Parents,Private,STEM,83.96,56.9,25,medium
18,F,Parents,Private,ABM,93.97,85.15,26,high
19,M,Parents,Private,STEM,94.72,85.55,25,high
18,F,Parents,Private,ABM,97.13,92,26,high
19,F,Parents,Private,ABM,90.41,54.1,26,high
18,F,Parents,Private,ABM,93.24,83.25,26,high
18,M,Parents,Private,STEM,91.5,56.55,26,high
19,F,Parents,Private,ABM,89.13,49.05,26,medium
19,M,Parents,Public,STEM,91,82.75,26,high
18,M,Parents,Private,ABM,92.5,80.1,25,mlow
18,F,Parents,Private,ABM,87,46.55,26,high
18,F,Relatives,Private,HUMSS,87.69,45.75,26,high
18,M,Parents,Private,STEM,89.65,70.4,25,high
19,M,Parents,Private,STEM,89.71,60.45,25,high
18,M,Parents,Private,TVL,90.58,58.7,25,medium
18,M,Parents,Private,STEM,89.53,78.3,25,medium
19,F,Scholarships and Grants,Private,STEM,91.14,81.55,25,high
19,M,Parents,Private,STEM,89.68,66.75,25,high
19,F,Parents,Private,STEM,91.17,80.2,25,high
19,F,Parents,Private,STEM,87,40.05,23,high
19,F,Parents,Public,STEM,88.67,54.4,23,high
19,F,Relatives,Private,ABM,96.41,83.85,26,high
18,M,Parents,Private,STEM,87.68,76.85,25,high
18,F,Relatives,Private,ABM,86.47,45.25,23,medium
19,M,Parents,Private,STEM,82.72,56.2,23,medium
18,F,Parents,Private,ABM,96,83.7,26,high
20,M,Educational Plan,Public,STEM,91.5,85.8,25,high
19,F,Parents,Private,GAS,97.13,80.55,25,high
19,M,Parents,Public,ABM,90.44,65.2,26,high
18,M,Parents,Public,STEM,92,68.75,25,high
18,M,Parents,Private,ABM,89,42.55,23,high
19,F,Parents,Private,ABM,79.75,62.85,26,mlow
17,F,Parents,Private,GAS,97.13,73.2,23,high
19,M,Parents,Private,STEM,83.23,45.3,26,high
20,M,Parents,Private,STEM,89.92,53.1,25,mlow
19,F,Parents,Private,ABM,88.25,70,26,high
18,F,Parents,Private,TVL,88.36,69.75,23,high
18,M,Parents,Private,HUMSS,89.24,66.9,25,high
18,M,Parents,Private,STEM,84.22,69.6,25,medium
18,M,Parents,Private,STEM,90.57,87.2,25,high
19,F,Relatives,Private,STEM,86,62.25,26,high
19,F,Parents,Private,ABM,91.93,88.6,26,high
19,M,Parents,Private,STEM,86.68,85.1,23,high
19,M,Parents,Private,STEM,92,77.2,25,high
19,M,Parents,Private,ABM,91.85,79.4,26,high
18,F,Parents,Private,ABM,85.21,70.95,23,high
19,F,Parents,Private,TVL,85.21,49.8,26,high
19,M,Parents,Private,ABM,86.1,47.65,23,high
19,F,Parents,Private,STEM,92,43.75,26,high
19,M,Parents,Private,STEM,85.72,84.65,25,medium
18,F,Parents,Public,STEM,90.5,47.15,26,high
19,M,Parents,Private,STEM,92.97,55.1,25,high
18,F,Parents,Private,ABM,89.44,60.65,23,high
19,M,Scholarships and Grants,Private,STEM,87.31,48.15,25,medium
19,M,Parents,Private,STEM,89.69,73,26,high
19,F,Scholarships and Grants,Private,HUMSS,87.94,34,26,high
20,M,Parents,Private,HUMSS,85.5,54.75,23,mlow
19,F,Parents,Private,ABM,89.94,69.35,23,high
18,M,Parents,Private,ABM,91.14,69.15,25,medium
20,M,Parents,Private,ABM,90.75,86.4,26,high
18,M,Parents,Private,STEM,88.11,51.5,25,high
19,F,Parents,Public,ABM,90,41.8,23,high
19,M,Parents,Private,STEM,93.11,68.3,25,high
18,F,Parents,Private,STEM,92.54,72.8,26,high
19,M,Parents,Private,STEM,87,81.25,25,high
18,F,Relatives,Private,ABM,92.41,65.85,26,high
19,F,Parents,Private,HUMSS,94.5,54.85,26,high
18,M,Parents,Public,STEM,90.5,63.2,25,high
19,M,Parents,Private,STEM,95.18,90.45,25,high
19,F,Relatives,Private,STEM,90.98,76.8,26,high
18,F,Parents,Private,STEM,87.12,47.4,25,mlow
19,M,Parents,Private,ABM,90.57,89.1,25,medium
19,M,Parents,Private,HUMSS,87.47,46.6,26,high
18,F,Parents,Private,ABM,89.82,60.7,26,high
19,F,Parents,Public,ABM,97,86.4,26,high
19,F,Parents,Private,ABM,84.85,49.2,23,high
19,M,Parents,Private,TVL,89.5,53.85,26,high
18,F,Parents,Private,ABM,90.81,26.75,23,high
18,M,Parents,Private,STEM,94.06,60.05,25,high
19,F,Relatives,Private,ABM,93.1,77.3,26,high
19,M,Parents,Private,STEM,86.25,48.15,23,medium
18,F,Parents,Private,ABM,91,47.8,26,high
18,M,Parents,Private,STEM,82.85,73.7,23,medium
19,F,Parents,Private,STEM,91.65,85.95,23,high
20,M,Parents,Private,STEM,81.36,46,25,medium
19,M,Parents,Public,STEM,87.5,65.9,26,high
19,F,Parents,Private,ABM,92.5,70.55,23,high
19,M,Parents,Private,ABM,87.78,54.35,26,high
20,F,Parents,Private,ABM,93.06,89.05,26,high
19,F,Parents,Private,TVL,93.63,70.6,26,high
19,M,Parents,Private,STEM,85.22,65.1,25,mlow
18,M,Scholarships and Grants,Public,TVL,91.5,55.8,23,high
18,F,Parents,Private,HUMSS,85.67,43.05,26,high
19,F,Parents,Private,HUMSS,91.41,50.25,26,high
19,M,Parents,Private,HUMSS,90.44,74.6,23,high
18,F,Parents,Private,ABM,86.85,41.5,23,high
18,F,Parents,Public,TVL,87,48.65,26,high
18,F,Parents,Private,STEM,89.1,54.2,26,high
19,M,Scholarships and Grants,Private,STEM,94.81,72.7,25,high
18,F,Relatives,Private,ABM,91.79,76.2,26,high
18,F,Parents,Private,ABM,94.5,69.75,26,high
19,F,Scholarships and Grants,Private,ABM,95.6,80.7,26,high
19,M,Parents,Private,STEM,85.06,72.05,25,medium
19,F,Parents,Private,STEM,96.01,87.65,25,high
19,F,Parents,Private,STEM,89.5,53,26,high
19,F,Parents,Private,STEM,93.25,73,26,high
19,F,Scholarships and Grants,Private,ABM,94.17,54.35,23,high
18,F,Parents,Private,ABM,87.13,36.75,23,high
19,M,Relatives,Private,TVL,93,66.8,26,high
19,F,Relatives,Private,STEM,94.5,61.25,26,high
19,M,Parents,Private,STEM,88.33,56.7,25,medium
18,F,Relatives,Public,STEM,89,64.2,31,high
19,F,Parents,Private,ABM,92,59.1,26,high
18,F,Parents,Private,TVL,92.28,46.2,26,high
18,M,Parents,Private,STEM,89.33,80.4,25,mlow
19,M,Parents,Private,STEM,90.16,63.4,25,high
18,F,Parents,Private,STEM,87.47,64.45,26,medium
19,F,Parents,Private,HUMSS,94.72,81.85,23,high
20,F,Parents,Public,ABM,96.5,65.35,26,high
19,M,Parents,Private,STEM,88.33,66.45,25,medium
19,M,Parents,Public,STEM,89.5,64.6,25,high
19,F,Relatives,Public,HUMSS,91.5,83.9,26,high
18,F,Parents,Private,HUMSS,92.86,86.15,26,high
19,F,Relatives,Public,HUMSS,96,68.3,26,high
18,F,Parents,Private,ABM,93.63,47.45,26,high
20,M,Parents,Private,ABM,89.5,65.7,23,high
19,F,Parents,Public,STEM,92,88.5,25,high
18,M,Scholarships and Grants,Private,STEM,85.61,38.35,23,medium
19,F,Parents,Private,ABM,94.5,67.9,26,high
20,F,Parents,Private,STEM,90.04,65.25,25,high
19,M,Parents,Public,STEM,91.88,66.25,25,high
18,F,Parents,Private,ABM,85.94,44.8,31,medium
19,F,Parents,Private,STEM,91.19,77.95,23,high
18,M,Parents,Private,STEM,85.72,85.35,25,medium
18,F,Scholarships and Grants,Private,TVL,92.5,40.4,18,high
19,M,Parents,Private,STEM,94,82.25,25,high
19,F,Parents,Private,STEM,87.66,50.75,31,medium
18,F,Parents,Private,HUMSS,90,73.95,23,high
18,F,Parents,Private,STEM,91.67,40.8,25,medium
18,M,Parents,Private,STEM,83.61,54.7,25,mlow
18,M,Parents,Private,STEM,91.59,41.5,25,medium
20,F,Parents,Private,TVL,84.79,38,26,medium
19,M,Parents,Private,ABM,84.23,75.55,26,high
18,M,Parents,Private,ABM,90,71.8,23,high
18,F,Parents,Private,STEM,86.79,47.65,25,mlow
19,F,Relatives,Private,STEM,92.4,79.95,36,high
18,M,Parents,Private,ABM,85.5,45.45,23,high
18,F,Parents,Private,STEM,89.5,76.9,23,high
18,F,Parents,Private,STEM,93.57,89.7,26,high
19,F,Parents,Private,ABM,96.72,82.85,26,high
18,M,Parents,Private,ABM,94,74.1,26,high
19,F,Parents,Private,HUMSS,82.44,43.55,26,high
19,M,Parents,Private,STEM,93.22,78.4,25,medium
19,F,Parents,Private,HUMSS,89.03,60.35,26,high
18,M,Parents,Private,ABM,84.16,43.75,25,medium
19,M,Parents,Private,ABM,85.66,50.65,23,medium
18,F,Parents,Private,ABM,87.5,62.95,23,high
19,M,Relatives,Private,ABM,93.47,94.35,26,high
18,M,Parents,Private,STEM,86.75,68.65,25,medium
18,M,Parents,Private,STEM,92.15,69.6,25,medium
18,F,Scholarships and Grants,Public,TVL,93,68.95,23,high
18,M,Parents,Private,TVL,88,78.2,25,medium
18,F,Parents,Private,STEM,94,77.35,26,high
19,M,Parents,Private,STEM,89.82,86.05,23,high
19,F,Parents,Private,HUMSS,96,86.75,26,high
19,M,Parents,Public,STEM,92.5,65.2,25,high
18,M,Parents,Private,STEM,87.68,69.1,23,high
19,F,Parents,Private,ABM,92.38,86.2,26,high
19,F,Parents,Private,ABM,86.66,89.6,26,high
19,M,Relatives,Private,ABM,79.91,54.65,25,mlow
18,F,Parents,Private,TVL,85.89,42.8,26,high
19,M,Parents,Private,STEM,81.25,49.65,23,medium
18,M,Parents,Private,STEM,89.83,51.8,25,medium
19,M,Parents,Private,STEM,85.18,62.15,25,mlow
18,F,Relatives,Private,ABM,96,78.7,23,high
19,M,Parents,Private,ABM,87.32,52.05,23,medium
20,F,Parents,Private,TVL,84.43,23.6,26,medium
19,F,Parents,Private,ABM,95,92,25,medium
19,F,Parents,Private,TVL,92.21,70.85,29,high
19,M,Parents,Private,ABM,85.99,75.25,35,high
19,F,Relatives,Private,STEM,87.97,70.05,26,high
18,M,Parents,Public,STEM,89,78.35,25,medium
19,F,Parents,Private,HUMSS,89.75,48,23,high
19,M,Parents,Private,ABM,85.88,64.85,23,medium
19,M,Parents,Private,STEM,92.07,87.1,25,high
19,M,Parents,Private,GAS,95,40.55,26,medium
19,F,Relatives,Private,STEM,82.66,76.65,25,high
18,F,Parents,Private,HUMSS,91,61.95,26,high
19,F,Parents,Private,ABM,94,83,26,high
19,F,Parents,Private,GAS,91,56.65,23,medium
19,F,Parents,Private,ABM,88.28,52.8,23,high
19,F,Parents,Private,TVL,94.5,51.6,23,high
18,M,Parents,Private,STEM,89.42,70.3,25,high
19,F,Parents,Private,ABM,93.94,73.45,26,high
18,F,Scholarships and Grants,Private,HUMSS,79,39.4,26,medium
18,F,Parents,Private,STEM,90.5,52.7,25,medium
19,M,Scholarships and Grants,Private,STEM,89.5,68.05,25,high
19,M,Parents,Private,HUMSS,93.82,47,26,medium
18,F,Parents,Private,ABM,92.22,54.3,26,high
19,M,Parents,Private,STEM,86,51.2,26,medium
19,M,Parents,Public,TVL,93,65.3,26,high
18,M,Parents,Public,TVL,91,59.6,26,medium
19,M,Parents,Private,STEM,97.58,96.05,25,high
19,M,Parents,Private,TVL,91.64,62.9,23,high
19,F,Parents,Private,STEM,91.72,65.1,25,high
19,F,Parents,Private,ABM,85.41,80.65,26,high
18,M,Relatives,Private,STEM,88,58,25,high
18,M,Parents,Private,STEM,92.5,67.45,25,high
19,M,Parents,Private,STEM,93.81,84.25,25,high
19,M,Parents,Private,STEM,86.22,58.2,26,high
18,F,Parents,Private,ABM,94,73.15,26,high
19,F,Parents,Public,ABM,89,42.05,23,high
19,F,Scholarships and Grants,Private,ABM,95,68.7,26,high
19,F,Parents,Private,ABM,89.25,68.75,26,high
18,M,Parents,Private,STEM,87.14,65.7,25,medium
19,M,Parents,Private,STEM,87,41.15,23,medium
19,F,Parents,Private,ABM,87.31,37.45,23,high
18,F,Parents,Public,ABM,91,54,23,high
18,F,Parents,Private,STEM,89,49.3,25,mlow
19,M,Parents,Private,STEM,92.5,53.75,26,high
18,F,Parents,Private,STEM,94.91,54.9,26,high
19,M,Parents,Private,HUMSS,94.5,48.4,23,high
19,F,Parents,Private,TVL,82.32,52.45,26,mlow
18,F,Parents,Private,STEM,86,79.5,26,medium
19,F,Parents,Private,STEM,96.5,59.4,25,medium
19,F,Parents,Private,HUMSS,89.63,74.6,23,high
19,F,Parents,Private,ABM,85.48,60.75,23,high
19,F,Parents,Public,STEM,91,74.95,23,high
19,M,Parents,Private,STEM,87,40.5,25,medium
18,F,Parents,Private,HUMSS,95.1,90.2,23,high
18,F,Parents,Private,ABM,92,46.7,29,high
19,F,Parents,Private,TVL,94,80.25,23,high
18,M,Parents,Private,STEM,85.08,72.65,25,medium
18,F,Parents,Private,ABM,92.38,76.1,26,high
18,M,Relatives,Public,STEM,92.5,65.5,25,high
18,M,Parents,Private,ABM,94,83.9,26,high
19,M,Parents,Private,STEM,90,67.3,23,high
19,F,Parents,Public,STEM,91,73.1,26,high
19,M,Parents,Private,STEM,86.93,62.15,25,medium
19,M,Parents,Private,STEM,89.32,46.4,26,medium
18,F,Parents,Private,ABM,83.44,75.8,26,high
18,M,Parents,Private,TVL,88.5,59.85,25,medium
18,M,Parents,Private,STEM,86.04,79.6,25,medium
19,F,Parents,Private,STEM,88.03,58.75,26,high
18,F,Parents,Private,STEM,90.78,77,25,high
18,F,Educational Plan,Private,ABM,92.78,62.3,26,high
18,M,Self,Private,STEM,88.5,79.85,26,high
18,F,Parents,Private,TVL,94.5,67.4,26,high
19,F,Parents,Private,ABM,86.72,69.65,26,high
19,F,Parents,Private,GAS,88.64,44.35,26,high
20,M,Parents,Private,TVL,79.29,20.65,26,medium
18,M,Scholarships and Grants,Private,STEM,88.7,90.9,25,high
19,F,Parents,Private,ABM,87.88,69.35,26,high
18,M,Relatives,Public,STEM,88,45.4,25,medium
20,F,Parents,Private,STEM,83.99,42.95,25,medium
19,M,Parents,Private,STEM,88,62.1,25,medium
19,M,Parents,Private,STEM,93,65.25,23,high
19,M,Parents,Private,TVL,80.5,49.95,26,medium
18,F,Parents,Private,ABM,93.11,42,26,high
18,M,Parents,Private,STEM,92.43,87.45,25,high
19,F,Parents,Private,STEM,90,59.35,23,high
19,F,Parents,Private,GAS,91,72.95,26,high
19,F,Relatives,Private,HUMSS,91,84.5,36,high
19,M,Parents,Private,STEM,89,59.5,25,medium
19,F,Parents,Private,STEM,93,57.8,26,high
18,F,Parents,Private,STEM,87,63.65,26,high
18,F,Parents,Private,HUMSS,97,74.55,23,high
19,M,Parents,Private,STEM,79.43,73.65,25,medium
19,F,Scholarships and Grants,Public,ABM,93.5,55.05,26,high
18,M,Parents,Private,STEM,92.78,65.55,25,high
19,M,Relatives,Private,ABM,87.69,36.05,23,high
18,F,Parents,Private,ABM,88,70.6,25,medium
19,M,Scholarships and Grants,Private,STEM,95,83.85,26,high
19,F,Scholarships and Grants,Private,ABM,94.7,88.15,26,high
19,M,Parents,Private,STEM,86.97,70.05,25,medium
19,M,Parents,Private,STEM,83.78,40.4,25,medium
20,M,Relatives,Private,TVL,91.5,41.05,23,high
19,F,Parents,Private,STEM,93.14,60.65,26,high
19,F,Parents,Private,STEM,93,49.2,25,high
19,M,Parents,Private,TVL,88.22,43.1,26,medium
19,M,Scholarships and Grants,Private,ABM,86.5,73.05,25,medium
19,F,Parents,Public,TVL,89.5,53.4,26,high
18,F,Parents,Private,STEM,90.86,59.45,26,high
19,F,Parents,Private,ABM,84.5,59.6,23,high
19,M,Relatives,Private,STEM,85.75,44.9,25,mlow
18,M,Parents,Public,STEM,92,86.8,25,high
18,F,Parents,Public,TVL,88.5,46.85,26,high
18,M,Parents,Private,STEM,88.93,60.1,25,high
18,F,Scholarships and Grants,Public,ABM,92.46,69.9,26,high
19,M,Parents,Private,STEM,81.79,72.25,26,medium
19,M,Parents,Private,STEM,92.5,83.85,25,high
19,F,Parents,Private,ABM,90.5,48.25,26,medium
19,F,Parents,Private,ABM,90,81.2,26,high
18,F,Parents,Private,ABM,93.75,77,26,high
19,M,Parents,Private,STEM,84,71.1,25,medium
19,M,Parents,Private,STEM,91.5,79.8,25,high
18,F,Parents,Private,STEM,90.25,78.45,25,high
18,M,Parents,Private,HUMSS,87.25,64.45,23,medium
19,M,Parents,Private,GAS,92.13,85.95,25,mlow
19,F,Parents,Private,STEM,89.97,77.8,25,high
19,F,Parents,Private,ABM,91.5,50.75,26,high
18,F,Parents,Private,GAS,94.46,45.85,26,high
19,F,Parents,Private,STEM,90.17,74.35,25,high
19,F,Parents,Private,ABM,95,75.5,26,high
18,M,Parents,Private,STEM,83,43.8,25,mlow
18,F,Parents,Private,HUMSS,87,48.7,23,high
18,M,Parents,Private,STEM,90.5,79.45,23,high
18,M,Parents,Private,HUMSS,85,53.5,23,medium
18,F,Parents,Private,STEM,92.98,62.95,23,high
19,M,Parents,Private,STEM,92.42,78.8,26,high
18,M,Parents,Private,ABM,94.19,69,26,high
19,F,Relatives,Private,ABM,97,77.9,26,high
18,F,Parents,Private,STEM,88.5,71,23,high
18,M,Relatives,Private,ABM,80.75,33.35,23,mlow
19,F,Parents,Private,HUMSS,90.03,59.4,31,medium
18,F,Parents,Private,ABM,92.54,84.15,26,high
19,F,Parents,Private,TVL,91.5,45.65,26,high
19,F,Parents,Private,ABM,94.57,52.3,26,high
18,M,Parents,Private,STEM,87.96,85.25,23,high
19,M,Parents,Private,HUMSS,88.09,57.25,26,high
18,F,Parents,Private,STEM,95.11,78.1,25,high
18,M,Scholarships and Grants,Private,STEM,94.42,71.6,25,high
18,F,Relatives,Private,ABM,88.5,48.4,26,medium
19,F,Parents,Private,ABM,92.75,61.9,26,high
19,F,Parents,Private,ABM,90,80.4,26,high
18,F,Parents,Private,HUMSS,94.56,68.6,26,high
19,M,Parents,Private,STEM,89.64,74.7,26,high
19,F,Parents,Private,ABM,87,69.65,23,high
19,M,Parents,Private,ABM,92,75.5,25,high
18,M,Parents,Private,STEM,92.01,81.15,25,high
19,F,Relatives,Private,ABM,95.5,61.2,26,high
19,M,Parents,Private,STEM,92.6,75.85,25,high
19,F,Parents,Private,ABM,86.1,30.75,23,high
18,M,Parents,Private,STEM,93,86.4,25,high
18,F,Parents,Private,ABM,90.5,42.45,26,medium
18,M,Parents,Private,STEM,89,69,25,medium
18,M,Parents,Public,TVL,93.5,70.8,25,medium
19,M,Parents,Private,TVL,82.77,60.95,23,mlow
19,M,Parents,Private,ABM,93.5,42.2,26,high
19,M,Parents,Private,STEM,86.32,66.75,25,medium
18,F,Parents,Private,STEM,89.47,83.75,26,high
19,M,Relatives,Private,STEM,93.69,71,25,medium
18,F,Parents,Private,STEM,88.94,66.6,26,high
20,M,Parents,Private,STEM,82.5,60.05,26,mlow
19,M,Parents,Private,ABM,93.41,84.15,26,high
19,F,Parents,Private,STEM,88.72,65.6,25,high
18,F,Scholarships and Grants,Private,STEM,94,51.65,25,high
18,F,Parents,Private,STEM,94.21,68.55,25,high
22,F,Parents,Private,ABM,85.44,24.8,23,high
19,M,Relatives,Private,STEM,87.56,55.85,25,medium
19,F,Parents,Private,ABM,95,82.55,23,high
19,F,Parents,Private,STEM,91.11,88.1,23,high
19,F,Parents,Private,ABM,91.55,79.5,26,high
18,F,Parents,Private,STEM,91.04,70.4,26,high
18,M,Parents,Public,TVL,86,42.5,25,mlow
19,M,Parents,Private,STEM,88.17,63.45,25,high
19,F,Educational Plan,Public,STEM,91.5,57.3,23,high
19,M,Parents,Private,STEM,84.71,48.5,25,mlow
18,F,Relatives,Private,TVL,90.25,82.5,23,high
19,M,Parents,Private,ABM,86.23,59.8,23,high
18,F,Parents,Public,STEM,95.5,86.05,25,high
19,F,Relatives,Private,ABM,87.63,52.8,26,high
18,F,Relatives,Private,ABM,92,79.95,26,high
19,F,Parents,Private,GAS,94.04,76.2,25,high
19,F,Parents,Private,ABM,93.84,85.75,26,high
19,F,Parents,Private,ABM,92.47,85.4,23,high
19,M,Parents,Private,STEM,90,61.05,23,high
18,F,Parents,Private,STEM,96,69.25,25,high
19,F,Parents,Private,HUMSS,93.03,59.3,26,high
19,F,Parents,Private,ABM,94.5,85.2,26,high
19,F,Parents,Private,TVL,92.91,58.8,26,high
19,M,Scholarships and Grants,Private,STEM,85.07,32.8,23,medium
18,F,Parents,Private,STEM,85.6,52.9,26,high
18,M,Scholarships and Grants,Public,TVL,86,68.65,26,high
18,F,Parents,Private,ABM,93.85,61.85,26,high
20,M,Relatives,Private,STEM,88,46.3,25,medium
18,F,Parents,Private,ABM,93.47,77.35,26,high
19,M,Relatives,Private,ABM,85,61.25,23,high
18,M,Parents,Private,STEM,90.44,73.05,23,high
18,F,Parents,Private,STEM,95,65.85,25,medium
19,F,Parents,Private,TVL,83.75,58.55,26,high
19,F,Parents,Private,ABM,92.57,60.05,26,medium
19,F,Parents,Private,ABM,89.82,81.7,26,high
18,M,Parents,Private,ABM,90.14,91.55,26,high
19,F,Parents,Private,STEM,90.07,74.6,26,high
18,F,Scholarships and Grants,Private,STEM,89.83,79.75,25,high
19,F,Relatives,Private,ABM,94,67.05,23,high
18,M,Parents,Public,GAS,87.5,69.7,31,medium
18,M,Parents,Private,STEM,88.19,84.05,25,high
19,F,Parents,Private,TVL,86.04,51.15,26,high
19,M,Parents,Private,TVL,94.9,74.4,26,high
19,F,Parents,Private,ABM,88.92,59.25,26,high
19,M,Parents,Private,STEM,90.45,71.2,25,medium
20,M,Parents,Private,STEM,85.75,42.05,25,medium
19,F,Parents,Private,STEM,91,67.8,25,high
18,F,Parents,Private,HUMSS,87.22,77.6,23,high
19,M,Parents,Public,ABM,87.7,86.6,26,high
18,F,Self,Private,STEM,91,50.85,25,medium
19,M,Parents,Private,ABM,79.12,43.4,23,mlow
19,M,Parents,Private,STEM,91,71.4,25,medium
19,F,Parents,Private,STEM,88.68,67.75,29,high
18,F,Parents,Private,ABM,93.5,74.1,26,high
19,F,Parents,Public,STEM,91.5,88.9,26,high
19,M,Parents,Private,STEM,89.22,77.95,25,high
19,F,Parents,Private,STEM,92.43,83.4,26,high
18,F,Parents,Private,HUMSS,85.37,53.55,26,high
19,M,Parents,Private,STEM,89.89,66.75,23,high
18,F,Parents,Private,STEM,93.28,73.25,25,high
18,M,Parents,Private,TVL,86.5,56.25,23,medium
19,M,Parents,Private,ABM,88.5,82.8,23,high
19,F,Parents,Private,HUMSS,86.69,27.45,26,high
18,F,Relatives,Private,ABM,96.5,87.8,26,high
19,F,Parents,Private,ABM,90.81,81.9,26,high
18,M,Parents,Private,STEM,92.56,69,25,high
20,F,Parents,Private,HUMSS,87.94,30.3,23,high
18,F,Relatives,Private,ABM,95,90,26,high
19,F,Scholarships and Grants,Private,TVL,92.5,47.85,26,high
19,M,Parents,Private,STEM,90.38,58.45,25,high
18,F,Parents,Public,TVL,94,58,26,high
18,F,Parents,Private,HUMSS,92.44,46.85,26,high
19,F,Parents,Private,STEM,88.82,46.4,25,high
18,F,Parents,Private,ABM,93,67.1,26,medium
19,F,Parents,Private,TVL,86.32,43.45,26,high
18,F,Self,Private,ABM,91,64.25,23,high
19,F,Parents,Public,TVL,93.5,46.9,23,high
19,M,Parents,Public,STEM,89,52.85,25,high
19,F,Parents,Private,STEM,88,57.7,31,high
21,M,Parents,Private,ABM,90,41.6,23,high
19,M,Parents,Private,ABM,86.88,77.05,26,high
19,M,Parents,Private,STEM,87.71,63.8,26,medium
20,M,Scholarships and Grants,Private,TVL,81,52,23,mlow
19,M,Parents,Private,STEM,85.5,49,25,mlow
19,M,Scholarships and Grants,Private,STEM,88,57.45,25,mlow
18,M,Parents,Private,STEM,88.5,50.15,25,medium
19,M,Parents,Private,STEM,80.54,49.1,23,mlow
18,M,Parents,Private,STEM,87,57.2,23,high
18,F,Educational Plan,Public,STEM,89.5,43.15,26,high
18,M,Parents,Private,STEM,85.33,76,25,medium
19,F,Parents,Public,ABM,91.5,75.55,26,high
20,F,Parents,Private,ABM,93.5,82.3,26,high
19,M,Self,Public,ABM,92,50.05,25,medium
18,F,Relatives,Private,ABM,89.03,74.55,26,high
19,F,Parents,Private,STEM,83.28,49.9,26,medium
19,F,Parents,Private,ABM,91,66.35,26,high
19,F,Parents,Private,STEM,89.07,32.8,23,high
19,F,Parents,Private,STEM,85.34,53.45,26,high
19,M,Parents,Private,STEM,90.64,50.1,25,mlow
18,M,Parents,Private,STEM,88.07,57.85,23,high
19,M,Parents,Private,TVL,78.83,32.5,26,medium
18,F,Parents,Private,HUMSS,87.5,60.2,23,high
18,F,Parents,Public,STEM,94,87.15,26,high
19,F,Parents,Private,ABM,92.27,72.75,26,high
19,F,Scholarships and Grants,Private,STEM,87.04,31.15,23,high
17,M,Parents,Private,TVL,86.5,45.4,25,medium
19,F,Parents,Private,ABM,90.72,59.9,26,high
19,F,Parents,Private,ABM,90.44,37,23,high
18,M,Parents,Private,ABM,88.5,52,23,mlow
18,F,Parents,Private,STEM,90.47,61.95,36,high
18,F,Parents,Public,ABM,90.35,60.3,26,high
18,F,Relatives,Private,HUMSS,96.5,84.4,26,high
18,M,Parents,Public,STEM,86,40.85,26,medium
18,M,Parents,Private,STEM,86.48,81.2,25,mlow
19,M,Relatives,Private,STEM,91,81.05,23,medium
18,F,Parents,Private,ABM,93.16,45.6,23,high
19,M,Parents,Public,STEM,93,67.95,25,high
18,M,Parents,Public,TVL,88,49.4,26,high
19,M,Scholarships and Grants,Private,ABM,96.88,63.3,25,high
19,F,Parents,Private,ABM,83.82,49.3,26,high
18,F,Parents,Private,ABM,89.18,80.2,26,high
19,F,Parents,Private,ABM,87,59.9,23,high
18,F,Parents,Private,ABM,94.5,65.2,26,high
18,M,Relatives,Public,TVL,85,50.15,26,medium
18,M,Parents,Private,STEM,88.36,78.65,23,medium
19,F,Parents,Private,STEM,87.76,52.75,26,high
19,F,Parents,Private,ABM,94,41.2,26,high
18,F,Relatives,Private,HUMSS,91.69,40.4,23,high
18,M,Parents,Private,ABM,90.97,55.7,26,high
19,F,Scholarships and Grants,Private,HUMSS,94.75,94.65,23,high
19,F,Parents,Private,ABM,92.5,58.9,23,high
18,M,Parents,Private,STEM,87.48,65.85,23,medium
18,F,Parents,Private,ABM,89.95,72,26,high
18,M,Parents,Private,STEM,88.31,59.2,25,high
19,F,Parents,Private,ABM,92.21,76.35,26,high
18,F,Parents,Private,STEM,88.05,70.95,25,medium
18,F,Parents,Private,STEM,89.16,79.85,26,medium
19,M,Parents,Private,ABM,86.09,50.05,25,medium
18,F,Relatives,Private,STEM,87.55,54.55,25,medium
18,M,Parents,Private,STEM,91.07,75.4,25,medium
18,F,Scholarships and Grants,Private,ABM,93,69.5,26,high
18,M,Parents,Private,STEM,85.5,64.85,25,high
19,F,Parents,Private,ABM,94.54,87.15,26,high
19,M,Parents,Private,STEM,88.47,73.65,25,medium
18,M,Parents,Private,ABM,84,41.7,23,medium
19,M,Parents,Private,STEM,87.25,59,25,medium
19,F,Relatives,Private,ABM,93.07,45.6,25,medium
19,M,Parents,Private,STEM,88.04,75.85,23,high
18,F,Parents,Private,ABM,86.86,69.05,26,high
18,F,Parents,Private,ABM,96.5,71.55,23,high
18,F,Parents,Private,STEM,90.81,45.9,25,medium
19,F,Scholarships and Grants,Public,ABM,95.5,90.3,26,high
18,M,Parents,Public,STEM,90,80.35,25,high
19,F,Parents,Private,HUMSS,92.23,70.8,26,high
19,M,Parents,Private,STEM,88.22,56.05,25,high
18,F,Parents,Private,ABM,95.5,71.7,26,high
18,M,Parents,Private,STEM,88,70.5,25,high
19,M,Parents,Public,STEM,89.27,77.35,23,high
18,F,Parents,Private,ABM,91.35,52.9,26,high
18,M,Scholarships and Grants,Private,STEM,93.33,49.2,25,medium
20,F,Parents,Private,HUMSS,90.63,59.3,26,high
19,M,Parents,Private,ABM,93,71.1,26,high
18,F,Relatives,Private,ABM,94.28,85.15,26,high
19,F,Parents,Private,STEM,91,80.2,25,high
19,M,Parents,Private,HUMSS,89.57,76.65,26,medium
18,M,Parents,Private,ABM,85.5,43.6,23,medium
18,F,Scholarships and Grants,Public,HUMSS,95.5,67.9,23,high
20,M,Parents,Private,STEM,79.57,59.5,25,mlow
18,M,Parents,Private,STEM,85.25,50,23,high
18,M,Parents,Public,STEM,93,69.35,25,medium
19,M,Parents,Private,ABM,92.57,63.1,23,high
19,F,Parents,Private,TVL,86.39,36.6,23,medium
20,F,Parents,Private,STEM,94,91.75,25,high
19,F,Self,Public,ABM,95.5,56.3,26,high
18,M,Parents,Private,STEM,94,93.3,25,high
18,M,Parents,Private,STEM,87.5,59.5,25,high
19,M,Parents,Private,STEM,94.26,60.15,25,medium
19,M,Parents,Private,STEM,88,81.75,25,medium
18,M,Parents,Private,STEM,83,51.8,23,high
19,F,Scholarships and Grants,Public,HUMSS,93.5,68.9,26,high
19,M,Scholarships and Grants,Private,STEM,87.39,53.95,23,medium
19,F,Scholarships and Grants,Private,STEM,94.5,90.8,23,high
19,M,Parents,Public,STEM,92.5,72.3,25,high
18,M,Scholarships and Grants,Private,STEM,81.5,32,23,medium
19,F,Parents,Public,ABM,89.5,55.9,26,high
18,M,Scholarships and Grants,Private,STEM,80.68,62.4,25,mlow
18,F,Parents,Private,ABM,87.5,40.6,26,high
19,F,Parents,Private,ABM,82,43.3,23,medium
18,F,Parents,Private,STEM,92.66,84.65,25,high
18,M,Parents,Private,STEM,89,53.6,26,high
19,M,Parents,Private,STEM,87.72,58.9,25,medium
19,F,Parents,Private,ABM,93.91,87.3,26,high
19,M,Parents,Private,ABM,86.65,56.6,23,high
19,F,Parents,Private,ABM,90.36,66.9,26,high
18,F,Parents,Private,ABM,90,85.55,26,high
18,M,Parents,Private,STEM,89,71.45,25,medium
19,M,Parents,Private,HUMSS,80.5,43.35,25,mlow
19,M,Loans,Private,STEM,87.83,86.8,25,medium
19,M,Parents,Private,ABM,95,86.1,26,high
18,F,Parents,Private,STEM,94.13,41.4,31,high
19,F,Parents,Private,ABM,88.13,87.3,26,high
18,M,Parents,Private,STEM,86.93,82.45,25,high
20,F,Self,Public,ABM,91,68,26,high
19,F,Parents,Public,STEM,95.13,77.9,26,high
18,F,Parents,Private,STEM,94.43,69.1,25,medium
19,M,Parents,Private,STEM,89.92,50.6,36,high
18,M,Parents,Private,STEM,95.21,81.1,25,high
18,F,Relatives,Private,ABM,97.13,90.3,26,high
18,F,Parents,Private,ABM,84,54.9,26,high
18,F,Parents,Private,STEM,91.5,66.2,25,high
19,F,Parents,Private,STEM,89.61,80.3,25,high
19,F,Relatives,Private,STEM,87.99,72.45,25,high
19,M,Parents,Private,STEM,92,66.3,25,high
19,M,Parents,Private,STEM,86,59,26,high
19,M,Parents,Private,STEM,89.88,74.6,25,mlow
18,M,Parents,Private,STEM,85.11,72.2,25,medium
19,M,Relatives,Private,STEM,88.42,57.4,26,high
19,F,Parents,Private,HUMSS,86.89,74.6,26,high
18,F,Parents,Private,STEM,88.71,89.25,25,high
18,F,Parents,Public,TVL,91,55.8,26,high
19,M,Parents,Private,ABM,82.5,41.5,23,high
18,M,Relatives,Private,HUMSS,93.82,77.15,23,high
18,M,Parents,Private,STEM,91.5,69.8,25,high
18,F,Educational Plan,Private,TVL,91,58.7,26,high
18,M,Parents,Private,STEM,85.5,64.5,25,medium
19,F,Parents,Private,ABM,94.78,85.6,26,high
18,M,Parents,Private,ABM,88,66.25,26,high
19,M,Parents,Private,STEM,83.5,57.25,25,mlow
18,M,Parents,Private,STEM,90.38,47.5,25,medium
19,F,Parents,Public,ABM,92.63,91.1,26,high
18,M,Parents,Private,STEM,84.8,57.4,25,medium
19,F,Parents,Private,ABM,86.89,50.55,23,high
18,F,Parents,Private,STEM,93.63,69.45,25,high
19,M,Parents,Private,STEM,86.5,73.25,25,high
18,F,Parents,Private,ABM,93.47,81.65,26,high
19,M,Parents,Private,STEM,91.78,87.55,25,high
18,F,Parents,Public,STEM,88.36,78.1,25,high
18,F,Parents,Private,HUMSS,93,54.05,23,high
19,F,Relatives,Private,GAS,91,64.6,23,high
19,M,Parents,Private,HUMSS,81.13,55.05,23,medium
19,F,Scholarships and Grants,Private,STEM,87.5,61.6,31,medium
20,M,Parents,Private,STEM,91.5,74.1,25,high
20,M,Parents,Private,STEM,91,85.05,25,medium
18,M,Parents,Private,STEM,84.5,78.4,25,high
19,M,Parents,Private,STEM,86.65,52.55,25,high
19,M,Parents,Private,ABM,84.53,65.65,26,medium
19,F,Relatives,Private,TVL,95.5,52.85,26,high
19,M,Parents,Public,TVL,91,70.45,23,high
18,F,Parents,Private,ABM,88.41,32.85,23,high
19,F,Parents,Private,STEM,86.24,82.3,26,high
19,M,Scholarships and Grants,Public,STEM,94,82.45,23,high
19,M,Educational Plan,Private,TVL,84.29,53.85,26,medium
18,F,Parents,Private,ABM,89,64.1,23,high
19,F,Parents,Private,ABM,96.35,86.7,26,high
18,M,Parents,Private,STEM,85.86,45.6,25,medium
18,M,Parents,Private,STEM,88.43,75.8,25,high
18,M,Parents,Private,STEM,92.71,57.95,26,high
19,M,Parents,Private,ABM,91.59,86.35,26,high
18,M,Parents,Private,ABM,90.5,53.05,23,high
19,M,Parents,Private,STEM,93.72,87.5,25,high
19,M,Parents,Private,ABM,90.82,45.25,26,high
19,M,Parents,Private,STEM,77.93,51.4,26,medium
20,F,Parents,Private,STEM,83.32,51.05,26,medium
19,F,Parents,Private,STEM,87.97,59.15,26,medium
18,F,Parents,Private,ABM,83.19,47.6,23,medium
19,F,Parents,Private,STEM,96.11,90.05,26,high
19,F,Parents,Private,ABM,93.03,82.75,26,high
19,M,Parents,Private,STEM,95.86,80.8,25,high
19,F,Relatives,Private,ABM,89.2,58.25,26,high
19,F,Parents,Private,HUMSS,92.41,75,26,high
19,M,Parents,Private,STEM,90.16,73.1,25,high
19,M,Relatives,Private,STEM,94,48.95,25,high
19,F,Parents,Private,ABM,95.24,62.55,26,high
18,F,Parents,Private,ABM,90.17,45.15,26,high
18,M,Parents,Private,STEM,87.56,64,25,medium
20,F,Parents,Private,ABM,96.94,91.9,26,high
19,F,Parents,Private,ABM,92.25,63.7,26,high
18,F,Parents,Private,STEM,89.58,79.15,36,high
19,F,Parents,Private,STEM,92.79,78.7,26,high
18,F,Parents,Private,HUMSS,88,52.3,26,high
19,M,Parents,Private,STEM,84.03,47.85,23,medium
19,M,Parents,Private,STEM,91.94,77.9,25,medium
19,M,Scholarships and Grants,Private,STEM,96,91.45,25,high
19,M,Parents,Private,STEM,87.07,53.9,26,high
18,F,Parents,Private,ABM,97,62,26,high
19,F,Parents,Private,STEM,87.5,64.9,25,high
19,M,Parents,Private,HUMSS,96.5,79.1,23,high
18,F,Relatives,Private,STEM,91.5,66.3,36,high
19,M,Parents,Public,STEM,91,66.15,25,high
18,F,Parents,Private,TVL,91.61,58.45,26,high
19,F,Parents,Private,HUMSS,87.45,54.75,26,high
19,F,Parents,Private,ABM,92.5,47.8,26,medium
18,F,Parents,Private,ABM,89.53,82.7,26,high
19,M,Parents,Private,STEM,86.43,86.95,25,high
19,M,Parents,Private,STEM,91.97,77.95,25,high
18,M,Scholarships and Grants,Public,TVL,93.5,56.45,26,high
19,M,Parents,Public,STEM,96,88.65,25,high
18,F,Parents,Private,STEM,86.22,57.2,25,medium
19,F,Parents,Private,GAS,85.5,58.25,26,high
19,F,Parents,Private,ABM,90.5,83.15,26,high
19,M,Parents,Private,STEM,92.5,56.3,25,medium
18,M,Parents,Private,GAS,91,43.1,23,high
19,F,Parents,Private,ABM,92.5,86.15,26,high
19,M,Parents,Private,STEM,84.93,35.15,23,high
19,F,Parents,Public,STEM,92.65,68.85,25,high
18,M,Relatives,Private,STEM,85.93,70.3,25,medium
18,F,Parents,Private,TVL,93.54,56.75,26,high
18,M,Relatives,Private,STEM,90.45,72.75,25,high
19,F,Parents,Private,ABM,85.6,57.2,23,medium
18,M,Parents,Private,STEM,87.5,70.05,25,medium
18,F,Parents,Private,HUMSS,91,56.05,23,high
18,M,Parents,Private,STEM,83.9,36.8,23,high
19,F,Parents,Private,ABM,88,36.1,23,high
18,M,Parents,Private,ABM,84.66,51.5,25,medium
18,F,Relatives,Private,ABM,87.31,43.8,26,high
17,M,Parents,Private,STEM,92,61.65,25,medium
19,M,Parents,Private,STEM,88.38,69.1,25,medium
18,F,Scholarships and Grants,Private,ABM,93.83,74,26,high
18,M,Relatives,Private,TVL,89.72,54.35,26,high
19,F,Parents,Private,HUMSS,89.31,80.3,23,high
20,M,Parents,Private,ABM,84.5,40.8,23,medium
18,F,Relatives,Public,GAS,91,88.75,26,high
19,M,Scholarships and Grants,Private,ABM,96.43,66.8,25,high
19,M,Parents,Private,STEM,87.74,60.05,25,mlow
18,M,Parents,Private,ABM,83.76,67.4,23,high
18,M,Parents,Private,ABM,89.89,51.7,26,high
18,F,Scholarships and Grants,Private,ABM,96.5,73.7,26,high
18,F,Parents,Private,STEM,90.37,44.8,23,high
19,F,Parents,Private,TVL,87.43,66.05,36,high
18,M,Parents,Private,STEM,88.19,41.15,25,medium
18,F,Parents,Private,ABM,95,76.45,26,high
19,F,Parents,Private,STEM,89.68,74.65,26,high
19,M,Parents,Private,STEM,88.5,56.95,25,medium
18,F,Parents,Private,ABM,89.75,59.15,26,high
18,M,Parents,Private,STEM,90.13,70.45,25,high
19,M,Parents,Private,STEM,91.36,71.9,26,high
19,M,Parents,Private,STEM,86.07,80.45,25,mlow
18,M,Parents,Private,STEM,83.11,58.9,23,medium
19,F,Parents,Private,HUMSS,91.22,45,26,high
18,F,Relatives,Private,STEM,90.5,52.8,25,medium
19,F,Parents,Private,ABM,91.14,93.4,26,high
18,F,Parents,Private,STEM,90.5,67.7,25,medium
19,M,Self,Private,STEM,81.93,35.25,23,medium
18,M,Parents,Private,STEM,89.29,81.3,23,high
18,M,Parents,Private,ABM,93.53,95.1,26,high
19,F,Parents,Private,STEM,85,46.2,26,high
19,F,Parents,Private,ABM,95,78,26,high
18,F,Parents,Private,ABM,91.52,67.1,26,high
19,F,Parents,Public,ABM,92,77.65,26,high
19,M,Scholarships and Grants,Private,STEM,92.39,69.65,25,high
19,M,Parents,Public,STEM,87.5,77.6,26,high
18,M,Parents,Private,STEM,87.75,65.55,25,medium
19,M,Parents,Private,STEM,82.32,41.95,26,medium
19,M,Parents,Private,ABM,86.22,74.25,26,high
18,M,Parents,Private,STEM,90.29,48.55,25,high
18,M,Parents,Private,STEM,81.5,72.15,23,mlow
19,F,Parents,Private,ABM,86,41.8,23,medium
18,M,Parents,Private,STEM,91.5,67.8,25,high
18,F,Relatives,Private,TVL,89.22,64.05,26,high
19,F,Scholarships and Grants,Private,ABM,89.76,77.65,23,high
19,M,Parents,Private,STEM,88.46,92.7,25,high
19,M,Parents,Private,HUMSS,90.91,83.7,23,high
18,F,Parents,Private,STEM,90.04,46.45,25,medium
18,F,Parents,Private,ABM,96.38,89.1,26,high
19,F,Parents,Private,ABM,93.46,45.4,23,high
19,F,Parents,Private,ABM,87.5,43.15,26,high
18,M,Parents,Private,STEM,90.75,85.05,26,high
18,F,Parents,Private,HUMSS,84.5,83.25,23,high
19,F,Parents,Public,GAS,88,54.55,23,high
18,F,Parents,Private,ABM,87.5,53.65,23,high
18,M,Parents,Private,STEM,87,50.25,25,high
19,M,Parents,Private,ABM,90.5,64.1,23,medium
19,M,Parents,Private,STEM,89.5,67.1,26,medium
19,F,Parents,Private,ABM,89.48,83.2,23,high
18,F,Parents,Private,ABM,95.94,62.1,26,high
19,M,Parents,Private,ABM,86.35,61.95,23,medium
19,F,Parents,Private,TVL,86.5,41.95,26,high
19,F,Scholarships and Grants,Public,TVL,90,56.5,26,high
19,F,Parents,Private,STEM,90.08,78.5,26,high
19,M,Parents,Private,STEM,94.25,51.25,25,medium
18,M,Relatives,Private,HUMSS,85.79,55.9,23,medium
19,M,Parents,Private,STEM,87.43,81.5,25,high
19,F,Scholarships and Grants,Private,ABM,95.4,74.85,26,high
18,F,Parents,Private,ABM,84.52,30.15,23,medium
18,F,Parents,Public,ABM,83.5,53.35,25,mlow
19,M,Parents,Public,STEM,88.5,83.65,25,medium
18,M,Parents,Private,STEM,86.43,60.45,26,medium
18,M,Parents,Private,STEM,92,41.3,25,medium
19,F,Parents,Private,ABM,95.5,49.9,26,high
19,F,Parents,Private,ABM,87,52.5,23,high
19,F,Scholarships and Grants,Private,ABM,93.16,76.35,26,high
18,F,Parents,Public,STEM,91.5,66.45,25,high
19,M,Parents,Private,STEM,85.54,72.25,26,high
19,M,Parents,Private,STEM,92.95,60.85,25,high
18,M,Parents,Private,STEM,90.97,72.45,25,medium
19,F,Parents,Private,ABM,89.97,50.3,26,high
18,F,Parents,Public,ABM,94.5,73.9,23,high
19,F,Parents,Private,STEM,91.25,93.05,25,high
18,F,Parents,Private,STEM,91,57.55,25,medium
19,F,Parents,Private,ABM,91.5,53.25,23,high
19,F,Parents,Private,ABM,82.55,50.35,23,medium
19,F,Parents,Public,ABM,92.9,63.25,26,high
19,F,Relatives,Private,ABM,89.84,55.55,26,high
19,F,Parents,Private,ABM,93.63,65.2,26,high
18,M,Parents,Private,STEM,93,50.95,25,high
19,F,Relatives,Private,STEM,90,76.2,25,high
18,M,Parents,Private,HUMSS,90.69,76.6,23,high
19,M,Parents,Private,STEM,87.39,56.45,25,medium
19,F,Parents,Private,ABM,96.69,90.5,26,high
19,M,Parents,Private,STEM,89.43,47,25,high
18,F,Parents,Private,STEM,88.29,59.05,25,medium
19,F,Parents,Private,ABM,88.5,51.55,26,medium
18,M,Parents,Private,STEM,81.97,46.25,23,medium
18,F,Parents,Private,ABM,90,74.5,26,high
18,F,Scholarships and Grants,Private,ABM,95,78.15,26,high
19,F,Parents,Private,STEM,87.5,50.35,23,high
18,F,Parents,Private,STEM,82.5,61.8,26,mlow
17,M,Parents,Private,STEM,91.68,64.25,25,medium
18,F,Parents,Private,TVL,89.6,52.75,26,high
18,F,Parents,Private,HUMSS,89.75,60.85,31,medium
19,F,Parents,Private,ABM,93,69.35,26,high
19,M,Parents,Private,STEM,79.94,72.8,26,medium
18,F,Parents,Private,HUMSS,87.76,55.25,26,medium
18,M,Parents,Private,STEM,87.7,71.05,26,medium
18,F,Scholarships and Grants,Public,STEM,94.5,72.15,26,high
19,F,Parents,Private,GAS,90.5,56.6,23,high
19,F,Parents,Private,ABM,92.31,66.5,23,high
19,F,Parents,Private,TVL,95.43,87.1,26,high
20,M,Parents,Private,GAS,87.79,51.05,23,high
19,M,Parents,Public,ABM,92.63,63,26,high
18,M,Parents,Public,TVL,91.5,71.6,26,high
19,M,Parents,Private,STEM,86.17,63.7,26,medium
19,F,Parents,Private,TVL,92.14,87.55,26,high
19,F,Relatives,Public,TVL,92,44,26,high
19,M,Parents,Private,STEM,83.43,40.2,25,medium
18,F,Parents,Private,HUMSS,92.5,45.9,26,high
18,M,Parents,Private,STEM,92.75,74.1,25,high
19,M,Parents,Private,TVL,83.13,64.5,25,mlow
18,M,Parents,Private,STEM,86.68,78.85,25,high
18,F,Parents,Public,ABM,95.13,46.05,23,high
19,F,Parents,Public,STEM,91.1,86.6,25,high
19,F,Parents,Private,STEM,90.57,61.4,23,high
19,F,Parents,Private,STEM,90.32,75.95,25,medium
20,F,Parents,Private,ABM,81.73,18.1,23,medium
19,F,Parents,Private,ABM,94.5,64.3,26,high
18,M,Self,Public,TVL,90.5,46.35,25,medium
19,F,Parents,Private,STEM,89.22,57.15,26,high
18,F,Parents,Private,ABM,86.97,74.8,26,high
19,F,Parents,Private,ABM,93.5,84.95,26,high
19,F,Parents,Private,ABM,92,53,26,high
20,M,Relatives,Private,HUMSS,78.88,22.15,26,mlow
19,F,Parents,Private,ABM,93.5,51.8,23,high
19,F,Parents,Private,GAS,91,82.75,23,high
18,F,Parents,Private,STEM,95.11,86.35,23,high
19,M,Parents,Private,STEM,92.5,68.35,25,medium
18,M,Parents,Private,STEM,86.97,60.05,23,medium
19,M,Educational Plan,Public,GAS,86.5,40.2,25,medium
19,F,Parents,Private,TVL,87.68,38.4,23,medium
19,M,Parents,Private,STEM,92,72.35,25,high
19,F,Parents,Private,ABM,92.28,81.85,26,high
18,F,Parents,Private,ABM,93.56,63.7,26,medium
18,F,Parents,Private,STEM,92,75.7,25,medium
19,M,Scholarships and Grants,Private,STEM,88,51.8,23,medium
20,M,Parents,Private,STEM,84.5,69.8,23,medium
19,M,Parents,Private,STEM,94.5,76.7,25,high
19,M,Parents,Public,ABM,92.44,71.1,26,high
21,M,Scholarships and Grants,Public,TVL,92.5,19.1,23,high
18,M,Parents,Private,STEM,86.14,55.7,25,medium
19,M,Parents,Private,GAS,83.21,48.05,23,high
19,M,Parents,Private,TVL,84,31.1,26,medium
19,F,Parents,Private,ABM,93.41,74.3,26,high
19,F,Parents,Private,HUMSS,87.5,42.95,26,high
18,M,Parents,Private,STEM,85.37,55.3,25,medium
19,M,Parents,Private,ABM,89.66,76.05,23,high
18,M,Parents,Private,ABM,79,65.7,23,high
19,F,Parents,Private,GAS,96,48.85,26,medium
19,M,Parents,Private,HUMSS,93.25,87.4,23,high
18,F,Parents,Private,TVL,86,50.2,26,high
19,M,Parents,Private,HUMSS,87.28,67.05,23,high
18,F,Parents,Public,ABM,90.83,51.9,26,high
19,M,Parents,Private,GAS,89.67,81.65,23,high
18,M,Scholarships and Grants,Private,ABM,97.19,94.15,26,high
18,M,Parents,Private,TVL,90.75,25.8,26,high
19,F,Parents,Private,ABM,87.1,52.4,26,high
19,M,Parents,Private,STEM,88.96,45.65,25,medium
19,M,Parents,Private,ABM,92.5,58.1,26,high
18,F,Relatives,Private,ABM,85.63,67.05,23,high
19,M,Parents,Private,ABM,87.39,70.3,23,high
19,M,Parents,Public,STEM,91.5,56.1,26,high
18,F,Parents,Private,ABM,91.1,78.25,26,high
18,F,Parents,Private,STEM,92.47,76.65,23,high
18,F,Parents,Private,STEM,89.65,54.6,25,medium
17,F,Scholarships and Grants,Public,TVL,94,53.3,26,high
19,F,Parents,Private,ABM,89.36,85.05,26,high
18,M,Parents,Private,STEM,79.79,72.5,25,mlow
18,M,Parents,Private,TVL,94.5,67.05,23,high
19,F,Parents,Private,ABM,95.5,50.2,26,high
18,M,Relatives,Public,STEM,90,73.8,23,high
19,F,Parents,Private,ABM,93.82,71.45,25,medium
18,M,Relatives,Private,TVL,92,47.55,26,high
19,F,Parents,Private,ABM,90.54,65.5,26,high
20,F,Parents,Private,TVL,80.25,25.8,23,medium
19,F,Relatives,Private,HUMSS,86.39,29.9,26,medium
19,F,Parents,Private,ABM,93,61.2,26,high
18,M,Parents,Private,STEM,90.09,51.35,25,high
19,M,Parents,Private,ABM,89.75,70.7,26,high
18,F,Parents,Private,ABM,90.24,50.2,26,high
19,M,Parents,Private,STEM,88,70.3,25,mlow
18,M,Parents,Private,ABM,93.5,66.95,26,high
18,F,Parents,Private,STEM,90.07,78.8,25,high
19,F,Parents,Private,ABM,88.5,40.8,23,high
18,F,Scholarships and Grants,Private,ABM,98.22,88.5,26,high
19,F,Scholarships and Grants,Private,STEM,91.78,91.2,23,high
19,F,Parents,Private,ABM,91.34,58.55,26,high
19,F,Parents,Private,ABM,91.5,51.4,26,high
19,M,Parents,Public,TVL,94,65.8,25,high
19,M,Parents,Private,STEM,83.61,69.15,23,high
18,F,Parents,Private,ABM,89.5,46,26,high
19,M,Parents,Private,STEM,94.2,78.3,25,high
18,F,Parents,Private,STEM,81.93,57.8,26,medium
18,M,Educational Plan,Private,HUMSS,88,58.5,26,high
18,F,Parents,Private,ABM,96.2,68.85,26,high
18,M,Parents,Private,STEM,87.11,70.75,23,medium
19,F,Relatives,Private,ABM,91,64.75,36,high
19,M,Parents,Private,STEM,88.84,76.05,26,high
19,M,Parents,Private,STEM,87.91,75.1,25,high
19,M,Parents,Private,STEM,90.5,87.9,25,medium
19,F,Parents,Public,ABM,88.76,74.9,26,high
19,F,Parents,Private,STEM,89.5,65.3,25,medium
18,F,Parents,Private,STEM,91,52.25,25,medium
18,M,Parents,Private,STEM,85.92,71.6,25,medium
19,M,Scholarships and Grants,Private,STEM,95.68,77.45,25,high
18,F,Parents,Private,STEM,88.43,56.7,31,medium
19,M,Parents,Private,HUMSS,86,79.85,25,medium
18,F,Parents,Private,ABM,94.19,80.3,26,high
18,F,Parents,Private,ABM,95,66.1,26,high
18,M,Parents,Private,GAS,93,75.55,25,high
19,M,Parents,Private,ABM,91.22,70.3,26,high
19,M,Parents,Private,STEM,90.82,75.3,26,high
18,F,Parents,Private,TVL,83.5,59.65,26,medium
19,F,Parents,Private,ABM,90.97,74.55,23,high
19,F,Parents,Private,ABM,96,84,26,high
19,F,Parents,Private,HUMSS,86.25,68.55,26,medium
18,F,Parents,Public,ABM,84.63,42.15,26,high
19,F,Parents,Public,ABM,89.37,56.45,23,high
19,F,Parents,Private,STEM,95,89.5,26,high
19,F,Parents,Private,TVL,94.5,69.95,26,high
19,M,Parents,Private,GAS,82.5,47.6,25,medium
19,M,Parents,Private,STEM,92.5,62.3,25,high
18,M,Parents,Public,TVL,83,48,23,medium
19,M,Parents,Private,STEM,87.08,53.6,25,medium
19,M,Parents,Private,ABM,88.13,78.7,26,high
18,M,Parents,Private,STEM,88.28,75.85,25,high
18,M,Parents,Public,STEM,89,71.95,25,high
19,M,Parents,Private,ABM,95,68.85,23,high
19,M,Parents,Private,STEM,89,78.4,23,medium
18,F,Parents,Private,ABM,91,70.75,26,high
20,M,Parents,Private,STEM,81.29,55.5,23,mlow
18,F,Parents,Private,STEM,88.39,68.5,23,medium
19,M,Relatives,Private,ABM,94,59.3,26,high
20,M,Parents,Private,STEM,85.5,63.15,23,medium
18,F,Parents,Private,STEM,88.86,72.2,25,mlow
18,F,Scholarships and Grants,Private,ABM,94,47.9,26,high
18,F,Parents,Private,ABM,93.84,77.3,26,high
18,M,Parents,Private,TVL,88,45.75,25,medium
19,M,Parents,Public,ABM,92.62,83.35,26,high
18,M,Parents,Private,STEM,86,88.85,25,high
19,M,Parents,Private,STEM,96.57,85.15,26,high
19,F,Parents,Private,ABM,87.78,33.7,23,high
19,F,Parents,Private,HUMSS,90.35,42.65,26,high
19,M,Parents,Private,ABM,83.22,39.15,23,medium
18,F,Parents,Private,HUMSS,88.19,54.2,26,high
19,F,Parents,Private,STEM,90,50.25,26,high
19,F,Parents,Public,STEM,91,83.05,26,high
19,F,Parents,Public,TVL,93.5,43.7,26,high
19,F,Parents,Private,HUMSS,87.91,40.95,23,high
19,M,Parents,Private,STEM,87.25,59.5,25,medium
18,F,Scholarships and Grants,Private,STEM,90.5,77.1,31,high
18,F,Parents,Private,TVL,94.54,85.65,26,high
18,F,Parents,Private,ABM,82.75,72.6,26,high
18,F,Parents,Public,ABM,89.98,85.25,26,high
19,M,Parents,Public,STEM,93.79,74.65,25,high
18,F,Parents,Private,TVL,87.49,51.85,23,high
19,F,Parents,Private,ABM,91.88,47.85,26,high
18,F,Parents,Public,TVL,92,54.4,26,high
18,M,Parents,Private,STEM,88.33,57.35,25,medium
18,M,Parents,Private,STEM,88.88,73.4,25,high
18,F,Relatives,Private,HUMSS,90.75,74.75,23,high
19,M,Parents,Private,STEM,90,54.6,25,medium
19,M,Parents,Private,HUMSS,94.5,63.95,23,high
19,F,Parents,Private,STEM,89.38,78.65,25,high
19,F,Parents,Private,ABM,86.59,82.9,23,high
18,M,Relatives,Public,TVL,89.5,67.35,23,high
18,M,Parents,Private,STEM,94.54,76.15,25,high
18,F,Scholarships and Grants,Private,ABM,96.91,89.5,26,high
19,M,Parents,Public,ABM,89.11,74.4,26,high
19,F,Scholarships and Grants,Public,ABM,93.5,61.55,26,high
18,M,Scholarships and Grants,Public,HUMSS,93.04,81.95,26,high
19,F,Parents,Private,TVL,95.33,88.5,23,high
18,F,Parents,Public,STEM,96.25,43.55,25,high
18,F,Parents,Private,HUMSS,88.03,51.7,26,high
18,F,Parents,Private,ABM,92,75.55,23,high
19,F,Parents,Private,ABM,94.5,81.85,26,high
18,M,Parents,Private,TVL,82.83,44.45,26,medium
19,M,Parents,Private,GAS,92,53.75,26,high
19,M,Relatives,Private,STEM,90,59.1,25,high
19,F,Parents,Public,ABM,94,53.9,26,high
19,M,Parents,Private,STEM,87.5,66.45,25,mlow
18,F,Parents,Private,ABM,93.44,62.85,26,high
20,F,Parents,Private,TVL,83.18,46.45,23,high
19,F,Parents,Private,ABM,93.88,93.5,26,high
18,M,Parents,Private,ABM,89.31,71.15,26,high
18,F,Scholarships and Grants,Private,STEM,94.94,92.5,25,high
19,M,Parents,Private,STEM,87.28,54.75,25,high
18,F,Self,Private,STEM,90.75,78.5,26,high
19,F,Scholarships and Grants,Private,STEM,90.5,54.75,26,high
18,M,Parents,Private,STEM,84,43.15,25,mlow
18,M,Parents,Private,STEM,91.54,69.95,25,high
18,F,Parents,Private,STEM,83,45.95,31,medium
18,F,Relatives,Private,HUMSS,94.5,58.05,26,high
18,M,Scholarships and Grants,Private,TVL,91,55.15,25,medium
18,F,Parents,Private,ABM,84.03,44.65,23,high
19,M,Parents,Private,STEM,88.5,77.7,25,medium
18,F,Parents,Private,ABM,93.5,43.45,23,high
18,F,Parents,Private,ABM,95,86,26,high
19,M,Parents,Private,STEM,89.18,67.25,26,high
20,F,Parents,Private,ABM,82.23,34.05,23,high
19,M,Parents,Private,STEM,90.68,76.15,23,high
18,F,Parents,Private,TVL,93.93,69.45,26,high
19,M,Parents,Private,STEM,90.54,87.15,25,high
19,M,Parents,Private,STEM,90.69,72.75,25,high
18,F,Parents,Private,ABM,93.63,72.2,26,high
18,F,Parents,Private,STEM,90.75,70.05,25,medium
18,F,Parents,Public,ABM,92.25,72.1,26,high
19,F,Parents,Private,ABM,88.77,56.4,26,high
19,F,Educational Plan,Private,ABM,95,70.75,23,high
19,F,Parents,Private,TVL,88.43,44.9,23,medium
19,M,Parents,Private,ABM,96,71.1,25,high
18,F,Scholarships and Grants,Private,ABM,92.5,63.45,26,high
18,F,Parents,Private,ABM,94.5,78.65,26,high
19,F,Parents,Private,STEM,88.68,77.85,36,high
18,F,Parents,Private,ABM,89,53.85,26,high
18,F,Parents,Private,ABM,96,66.4,26,high
19,F,Parents,Private,HUMSS,94.5,56.9,23,high
17,M,Parents,Private,TVL,83.68,63.95,25,medium
19,M,Parents,Private,STEM,94,65.35,25,high
18,F,Parents,Private,STEM,88.96,81.3,26,medium
19,F,Parents,Private,STEM,90.11,70.2,26,medium
18,F,Parents,Private,ABM,97,75,26,high
18,M,Relatives,Private,ABM,92.69,75.25,26,high
19,M,Parents,Public,STEM,91.82,82.65,25,high
18,M,Parents,Public,STEM,92,81.3,25,high
18,F,Relatives,Private,HUMSS,94.75,78.75,23,high
18,M,Parents,Private,STEM,90.5,81.7,23,high
19,F,Scholarships and Grants,Public,GAS,95,67,23,high
19,F,Parents,Private,STEM,93.5,58.95,25,high
19,M,Parents,Private,STEM,87.72,63.6,26,high
18,M,Parents,Private,ABM,91,50.3,23,high
19,M,Parents,Private,STEM,79.71,31.4,23,mlow
19,M,Parents,Private,ABM,91.97,64,26,high
18,F,Parents,Private,STEM,90.83,64.5,23,high
19,F,Scholarships and Grants,Private,STEM,95.65,95.3,26,high
18,F,Relatives,Private,STEM,92.25,86.85,26,high
18,F,Educational Plan,Private,HUMSS,93.04,79.3,26,high
18,M,Parents,Public,TVL,79.5,42.1,26,medium
19,M,Parents,Private,TVL,87.5,43.6,23,medium
18,M,Parents,Private,STEM,87.93,65.35,25,medium
18,F,Parents,Private,TVL,89.5,80.4,23,high
19,F,Parents,Private,ABM,90.51,72.9,26,high
19,M,Scholarships and Grants,Public,TVL,93,82.65,25,high
19,F,Parents,Public,STEM,89,75.9,23,high
18,M,Parents,Private,ABM,87.13,62.35,23,medium
19,M,Parents,Private,STEM,88.83,64.05,25,medium
19,M,Parents,Private,HUMSS,93,67.55,23,high
18,F,Parents,Private,ABM,93.28,54.05,26,high
18,M,Parents,Private,STEM,94,59.55,26,high
18,M,Scholarships and Grants,Private,ABM,84.94,43.9,26,medium
19,F,Parents,Public,ABM,89.5,44.3,23,high
18,M,Parents,Private,STEM,84,61.4,23,medium
19,M,Parents,Public,STEM,91.24,45.25,23,high
18,F,Scholarships and Grants,Private,ABM,94,78.1,26,high
19,F,Parents,Private,STEM,87.5,59.25,26,high
19,M,Parents,Private,STEM,87.97,67.05,25,high
19,F,Parents,Private,TVL,84.61,27,26,high
19,M,Parents,Private,STEM,88.5,65.85,25,mlow
18,F,Parents,Private,TVL,90.11,63.05,26,high
19,F,Parents,Private,ABM,90.59,72.35,26,high
18,F,Parents,Public,ABM,95,89.25,26,high
18,M,Parents,Private,STEM,94.93,70.95,25,high
19,M,Parents,Private,STEM,88.94,76.55,26,high
19,F,Relatives,Public,ABM,80.5,47.6,26,medium
20,M,Parents,Private,STEM,86.9,54.3,36,medium
18,M,Scholarships and Grants,Private,STEM,89.14,52.2,25,medium
19,M,Parents,Private,STEM,86.54,78.65,25,medium
20,M,Parents,Private,STEM,90.36,85.45,25,high
18,F,Parents,Private,STEM,85.5,46.45,26,mlow
19,M,Parents,Private,TVL,92.21,59.55,25,medium
19,M,Parents,Public,STEM,94,66.2,31,high
19,M,Parents,Public,STEM,91.5,70.75,23,high
19,F,Parents,Private,ABM,88.89,62.6,23,high
19,F,Parents,Public,STEM,93.5,44.55,25,medium
18,M,Parents,Private,STEM,82.97,51,25,medium
18,F,Parents,Private,STEM,88.25,42.1,25,medium
19,F,Scholarships and Grants,Private,HUMSS,92.59,46.05,26,high
18,M,Parents,Private,STEM,78.82,68.7,26,mlow
18,M,Parents,Private,STEM,90.5,61.35,26,high
19,M,Parents,Private,STEM,82.61,57.15,25,medium
19,M,Relatives,Private,STEM,75.82,56.25,23,mlow
19,F,Parents,Private,ABM,90.5,83.55,26,high
19,M,Parents,Private,STEM,87,40.01,23,medium
19,F,Parents,Private,HUMSS,80,65.05,23,mlow
18,M,Relatives,Private,ABM,94,54.9,26,high
18,F,Parents,Private,ABM,90.39,60.3,25,high
18,F,Parents,Private,STEM,91.5,57,25,medium
18,F,Parents,Private,HUMSS,89.34,52.6,23,high
19,M,Parents,Private,ABM,86.37,37.9,23,medium
19,F,Scholarships and Grants,Private,ABM,94.5,89.75,26,high
18,F,Parents,Private,ABM,88.72,83.2,23,medium
19,M,Parents,Private,ABM,89,41,23,high
18,F,Parents,Private,STEM,91.5,42.95,26,high
19,M,Parents,Private,ABM,90.07,58.95,23,high
19,F,Parents,Private,ABM,91.97,64.4,26,high
19,M,Relatives,Private,STEM,87.43,73.35,25,medium
19,F,Parents,Private,ABM,94,83.5,26,high
18,M,Scholarships and Grants,Public,TVL,94,80.2,26,high
19,M,Parents,Private,STEM,83.61,89.45,25,mlow
19,M,Parents,Private,ABM,94.07,81.55,26,high
18,M,Parents,Public,STEM,85.91,58.15,31,medium
19,F,Parents,Private,ABM,90,44.5,26,high
19,F,Parents,Private,STEM,89.43,79.1,25,high
18,F,Parents,Private,ABM,91.22,76.45,26,high
19,F,Parents,Private,ABM,93.81,73.25,26,high
18,F,Parents,Private,ABM,96.34,68.9,26,high
19,F,Parents,Private,STEM,88.83,78.45,26,high
19,M,Parents,Private,ABM,92.56,77.4,26,high
19,M,Parents,Private,ABM,93.84,66.5,26,high
18,F,Parents,Private,ABM,93.78,42.55,26,high
18,M,Self,Private,STEM,87.04,53.6,25,medium
19,F,Parents,Public,ABM,89.93,75.95,26,high
19,F,Parents,Private,HUMSS,87.01,45.65,26,high
18,F,Parents,Private,TVL,84.93,48.7,26,high
19,F,Parents,Private,ABM,96,69.9,26,high
19,F,Parents,Private,HUMSS,90.63,77.6,23,high
18,F,Parents,Private,STEM,89.32,69.85,23,high
18,F,Parents,Private,ABM,96.72,62.8,26,high
19,F,Scholarships and Grants,Private,ABM,90.88,71.45,26,high
19,M,Parents,Private,STEM,87,55.75,25,medium
19,M,Parents,Private,STEM,81.86,59.2,23,medium
19,F,Parents,Private,STEM,88.7,55.7,25,high
19,M,Parents,Private,ABM,86.85,78.8,23,high
18,F,Parents,Private,STEM,88.98,43.75,26,medium
19,F,Parents,Private,ABM,93.66,93.2,26,high
19,F,Parents,Private,STEM,93.76,68.75,25,high
19,F,Parents,Private,ABM,86.82,56.65,23,medium
19,M,Parents,Private,STEM,85,72.65,23,high
18,F,Parents,Public,STEM,92.5,72.95,31,high
20,F,Parents,Private,ABM,93.38,51,26,high
18,M,Parents,Private,STEM,91.11,56.85,25,high
19,M,Parents,Private,STEM,84,66.25,23,medium
18,F,Parents,Private,ABM,83.41,55.05,29,high
19,F,Parents,Private,ABM,94.82,67.65,26,high
19,F,Parents,Private,STEM,94.18,74.5,25,high
19,F,Parents,Private,HUMSS,88.66,44.6,23,high
19,F,Scholarships and Grants,Private,ABM,86.98,41.9,23,high
18,M,Parents,Private,STEM,83.41,50.2,25,medium
18,F,Scholarships and Grants,Public,STEM,95.5,94.65,25,high
19,F,Relatives,Private,ABM,85.19,46.4,23,high
19,M,Parents,Private,STEM,95.4,86.9,25,high
24,F,Self,Public,TVL,91,54.1,23,high
19,F,Parents,Private,STEM,90.86,82.1,26,high
18,F,Parents,Public,GAS,94,78.6,26,high
18,F,Relatives,Private,ABM,92,68.4,26,high
19,F,Parents,Private,STEM,92,57.3,26,high
18,M,Parents,Private,STEM,89.18,88.6,31,high
19,F,Parents,Private,STEM,89.14,68.05,26,medium
20,F,Parents,Private,ABM,95.5,53.5,26,high
20,F,Parents,Private,STEM,90.5,63.05,26,medium
19,F,Parents,Private,HUMSS,87.47,33.9,23,high
19,F,Scholarships and Grants,Private,ABM,94.57,83,26,high
18,F,Parents,Private,TVL,90,54.5,23,medium
19,M,Parents,Private,STEM,88.99,78.4,25,high
19,F,Scholarships and Grants,Private,STEM,86.88,52.6,25,medium
18,F,Parents,Public,GAS,76.98,63,26,high
19,F,Parents,Private,TVL,83.68,58.5,23,high
19,F,Parents,Private,ABM,87.09,62.4,26,high
18,M,Parents,Private,HUMSS,80.53,29.25,26,mlow
18,F,Parents,Private,STEM,89.5,58,25,medium
18,F,Parents,Private,ABM,92,62.6,26,high
19,F,Parents,Public,STEM,90.2,42.7,26,high
19,F,Parents,Private,TVL,94.5,78.25,26,high
18,F,Parents,Private,STEM,88.44,47.9,25,medium
19,M,Parents,Private,STEM,88.82,75.75,23,high
18,F,Parents,Private,ABM,92.5,83,26,high
18,F,Relatives,Private,TVL,84.83,49.85,26,high
19,F,Parents,Private,TVL,91.01,43.5,26,high
17,M,Scholarships and Grants,Private,HUMSS,96.69,92.65,23,high
19,F,Parents,Public,STEM,89,52.95,26,high
18,F,Parents,Private,STEM,89.83,52.35,29,high
18,F,Relatives,Private,ABM,94.38,43.35,26,high
19,F,Parents,Private,ABM,86.8,63.45,23,high
17,F,Parents,Private,ABM,89.97,73.65,26,high
19,F,Parents,Private,ABM,88.96,51.5,23,high
19,M,Parents,Private,STEM,84.5,82.95,25,medium
19,F,Scholarships and Grants,Public,STEM,93,92.55,26,high
18,M,Parents,Private,ABM,91,66.05,26,high
18,M,Parents,Public,ABM,95.5,78.35,26,high
18,F,Parents,Private,ABM,91.47,61.1,26,high
18,F,Parents,Private,ABM,90,53.1,23,high
19,F,Parents,Private,ABM,90.16,69.15,26,high
19,F,Relatives,Public,HUMSS,96.5,46.05,36,high
18,M,Parents,Private,ABM,92.78,77.5,26,high
19,F,Relatives,Private,STEM,90.54,92.4,26,high
19,M,Parents,Public,TVL,79.5,52.7,25,mlow
19,F,Parents,Private,ABM,90.5,71.15,26,high
19,F,Scholarships and Grants,Private,TVL,86.89,51.75,26,high
18,M,Parents,Private,STEM,88.06,65.95,25,medium
19,F,Parents,Private,ABM,97.5,86.85,26,high
18,F,Parents,Private,STEM,87.93,48.55,36,high
17,F,Parents,Private,STEM,87.04,37.75,23,high
20,M,Scholarships and Grants,Public,ABM,94,74.65,26,high
19,M,Parents,Private,ABM,93.16,92.1,26,high
19,M,Parents,Private,STEM,89.9,78.45,25,high
19,M,Relatives,Private,ABM,83.5,56.75,23,medium
19,F,Parents,Private,ABM,95,61.3,23,high
18,M,Parents,Private,GAS,87.19,87.4,23,high
18,F,Scholarships and Grants,Public,GAS,98,73.8,23,high
19,F,Parents,Private,ABM,96,69.1,26,high
18,M,Parents,Private,ABM,90.97,61.25,26,high
19,M,Parents,Public,STEM,87,56.65,26,high
19,M,Parents,Private,STEM,91.64,75.1,25,high
19,M,Parents,Private,STEM,85.44,53.2,25,medium
19,M,Parents,Private,GAS,80,51.1,25,mlow
18,F,Parents,Private,GAS,93,56.65,26,high
18,F,Parents,Private,ABM,79,67.65,26,mlow
19,M,Parents,Private,STEM,93.47,53.5,25,high
19,F,Parents,Private,STEM,88.72,68.3,31,medium
18,F,Parents,Public,TVL,90.5,55.2,26,high
18,F,Parents,Private,ABM,94.06,91.2,26,high
18,F,Parents,Private,ABM,87.62,72.7,26,high
19,F,Scholarships and Grants,Private,STEM,95.61,91,25,high
19,M,Parents,Private,STEM,90.25,85.5,25,high
18,M,Parents,Public,STEM,89,62.45,25,high
18,F,Parents,Private,HUMSS,87.53,59.75,23,high
20,M,Parents,Public,TVL,93,41.5,26,high
18,M,Relatives,Private,STEM,89.72,64.05,25,medium
19,F,Relatives,Private,ABM,93.25,54.95,26,high
18,M,Parents,Private,STEM,87.04,62.5,23,high
18,M,Parents,Private,STEM,87.03,42,25,medium
20,M,Parents,Private,ABM,84.5,56.85,23,medium
18,F,Parents,Private,ABM,91.5,44.9,23,high
19,M,Parents,Private,STEM,90,67.2,25,medium
18,F,Parents,Private,ABM,93.66,80.45,26,high
18,M,Parents,Private,STEM,90.86,76.1,25,high
18,F,Parents,Private,ABM,97.5,92,26,high
19,F,Parents,Private,STEM,89.75,62.15,25,high
18,M,Parents,Private,STEM,91.61,81.2,25,high
19,M,Parents,Private,STEM,87.82,87.6,25,medium
19,M,Parents,Private,HUMSS,87.5,49.8,26,high
19,F,Parents,Private,ABM,86.41,53.5,23,high
19,M,Parents,Public,STEM,83.5,49.6,25,mlow
18,F,Scholarships and Grants,Private,ABM,91.15,75.3,25,high
19,F,Parents,Private,ABM,86,69.1,23,high
18,F,Parents,Private,ABM,92.5,68.9,26,high
19,F,Parents,Private,ABM,90.69,79.45,26,high
18,F,Relatives,Private,ABM,91,84.95,26,high
19,F,Scholarships and Grants,Private,ABM,92.5,86.4,26,high
19,M,Parents,Private,STEM,93,79.4,25,high
18,M,Parents,Private,TVL,83.61,51.15,26,medium
19,F,Parents,Private,STEM,88.5,51.7,23,medium
19,M,Parents,Private,STEM,88.85,67,25,high
18,F,Parents,Private,ABM,95,80.8,26,high
18,F,Parents,Private,STEM,88.8,68.8,25,high
19,M,Parents,Private,STEM,95.04,88.5,25,high
19,M,Parents,Private,STEM,83.82,39.6,23,medium
19,F,Parents,Private,ABM,90,64,23,medium
18,M,Educational Plan,Private,STEM,85.5,44.05,25,high
19,M,Parents,Private,STEM,83.43,34.95,23,medium
19,M,Parents,Private,STEM,95,86.45,25,high
19,M,Parents,Private,ABM,95.66,51.9,26,high
18,M,Relatives,Private,TVL,84.68,42.25,26,high
18,F,Parents,Private,ABM,96.15,67.15,23,high
19,F,Parents,Private,ABM,91.75,84.35,26,high
18,M,Scholarships and Grants,Public,STEM,95.5,82.65,26,high
18,M,Parents,Public,GAS,88.5,72.6,25,mlow
19,M,Loans,Private,HUMSS,88.72,38.05,26,medium
18,F,Parents,Public,STEM,91.34,55.2,23,high
18,F,Parents,Private,ABM,93.75,78,26,high
19,F,Parents,Private,STEM,89.36,42.35,25,medium
19,M,Parents,Private,ABM,94.03,73.7,26,high
19,M,Relatives,Private,ABM,88.5,88.5,23,medium
19,F,Parents,Private,STEM,88.5,70.75,26,high
18,F,Parents,Private,STEM,90.11,68.25,26,medium
18,F,Parents,Private,STEM,89,64.95,26,high
18,F,Parents,Private,ABM,86.94,48.2,23,medium
17,F,Parents,Private,STEM,88.33,50.8,25,medium
19,M,Parents,Private,ABM,89.82,80,26,high
19,F,Parents,Private,TVL,93.58,63.05,26,high
18,M,Parents,Private,STEM,88.61,81,26,high
19,M,Parents,Private,HUMSS,89.1,62.95,23,medium
18,M,Parents,Private,HUMSS,87.5,80.6,23,high
18,M,Parents,Private,ABM,91.91,65,26,high
18,M,Parents,Private,ABM,89,57.95,23,high
19,M,Scholarships and Grants,Private,ABM,94.5,72.25,26,high
18,F,Parents,Private,STEM,92,69,26,high
18,M,Parents,Private,STEM,80.5,49.15,25,mlow
19,F,Parents,Public,STEM,93,78.85,26,high
19,M,Parents,Private,STEM,89.25,67.95,23,high
18,F,Parents,Private,STEM,90.78,60.95,25,high
19,M,Parents,Private,HUMSS,88.51,63.1,26,high
18,F,Parents,Public,ABM,93.33,75.55,26,high
18,F,Parents,Private,ABM,98,81.1,26,high
18,F,Relatives,Private,ABM,85.5,46.55,26,medium
18,F,Parents,Private,ABM,94.5,60.05,26,high
18,M,Parents,Private,TVL,88,60.25,25,mlow
18,M,Parents,Private,STEM,88.22,57.25,25,high
19,F,Parents,Private,STEM,88,65.75,26,high
19,F,Parents,Private,ABM,96.88,87.15,26,high
18,F,Parents,Private,ABM,96,87.9,26,high
18,F,Parents,Private,STEM,88.5,71.1,26,high
19,F,Relatives,Private,HUMSS,85.36,62.45,26,high
19,F,Parents,Private,ABM,89.53,51.6,23,high
19,M,Parents,Private,STEM,83.07,53.55,26,mlow
19,F,Parents,Private,HUMSS,89.74,71.95,26,high
19,M,Parents,Private,HUMSS,84,38.3,26,high
19,F,Parents,Private,STEM,91.5,86.35,25,high
18,M,Parents,Private,STEM,88.54,68.55,25,medium
19,F,Parents,Private,GAS,90,53.75,26,medium
19,M,Parents,Private,TVL,83.04,44.85,26,medium
19,M,Parents,Private,ABM,87.72,83.9,26,high
18,F,Relatives,Private,ABM,93,46.9,26,high
19,M,Parents,Private,ABM,84.74,83.6,23,mlow
19,M,Parents,Private,HUMSS,79.18,49.05,23,mlow
19,M,Scholarships and Grants,Private,STEM,93.54,87.15,25,high
18,F,Parents,Private,STEM,91.14,43.7,25,high
19,M,Parents,Private,STEM,92.36,91.65,25,high
18,F,Relatives,Private,STEM,88.36,47,31,high
19,M,Parents,Private,STEM,88.86,85.05,23,high
19,F,Scholarships and Grants,Private,HUMSS,95.22,91,23,high
19,F,Parents,Private,ABM,87.65,79.9,23,high
18,F,Parents,Private,ABM,93.19,81.8,26,high
18,M,Parents,Public,TVL,93,42.3,26,high
19,F,Parents,Private,ABM,87.5,55.55,23,high
18,M,Parents,Public,STEM,95,88.35,25,high
18,M,Relatives,Public,TVL,91,45.3,23,medium
18,F,Relatives,Private,TVL,90.66,52,23,high
19,M,Parents,Private,STEM,94.25,81.2,25,high
19,F,Parents,Private,ABM,88,60.85,23,high
19,F,Parents,Private,GAS,88.5,43.7,29,medium
19,F,Relatives,Private,STEM,88.85,78.05,26,high
18,F,Relatives,Private,STEM,91.5,69.85,25,medium
19,F,Parents,Private,ABM,90.88,68.7,26,high
18,M,Parents,Private,STEM,87.92,83.3,25,high
18,F,Parents,Private,STEM,91.22,91.05,25,high
19,M,Parents,Private,STEM,89.11,81.35,25,high
19,F,Scholarships and Grants,Public,ABM,98,60.25,26,high
19,F,Scholarships and Grants,Private,ABM,91.81,66.5,26,high
19,M,Relatives,Private,STEM,86.79,50.3,25,mlow
21,M,Parents,Private,STEM,87.06,59.7,25,high
19,M,Parents,Private,STEM,89.22,67,25,high
18,F,Parents,Public,STEM,87.81,78.5,25,high
19,M,Parents,Private,STEM,87.43,50.85,25,high
19,M,Parents,Private,TVL,90.5,73.95,23,high
18,F,Parents,Private,ABM,91.5,42.7,26,medium
19,F,Parents,Public,STEM,89.5,78.15,23,high
19,F,Relatives,Public,TVL,89.37,60.8,26,high
18,F,Parents,Public,ABM,96.13,40.65,26,high
19,M,Parents,Private,STEM,87,64.65,25,medium
19,F,Parents,Private,HUMSS,91.41,87.4,23,high
19,F,Parents,Private,ABM,86.13,61.15,26,high
18,F,Parents,Private,ABM,93.5,45.95,23,high
18,F,Parents,Private,STEM,91,89.35,25,high
19,M,Parents,Private,STEM,91.15,88.35,23,high
18,F,Parents,Public,ABM,95.63,68.3,26,high
19,F,Parents,Private,STEM,85.79,41.55,31,mlow
19,F,Parents,Public,TVL,94.5,48.75,26,high
19,F,Parents,Private,ABM,93,63.8,26,high
18,F,Parents,Private,ABM,89.25,67.5,26,high
19,F,Relatives,Private,ABM,91.32,57.9,23,high
18,F,Parents,Public,ABM,97.88,82.15,23,high
19,F,Parents,Private,HUMSS,89.72,72.95,23,high
19,M,Parents,Private,STEM,92.04,42.45,25,medium
18,F,Parents,Private,HUMSS,90.35,65.6,23,high
19,F,Parents,Public,STEM,92,71.25,23,high
18,F,Parents,Private,ABM,90.63,77.2,26,high
19,M,Parents,Private,STEM,82.79,47.3,25,medium
18,M,Parents,Private,STEM,88.5,61.65,25,medium
19,F,Parents,Private,HUMSS,88.5,51.6,26,high
19,F,Parents,Public,TVL,92.5,41.25,26,mlow
19,M,Parents,Private,STEM,87.36,73,25,medium
19,F,Parents,Private,ABM,94.19,90.6,26,high
19,F,Parents,Private,STEM,82.91,72.25,23,high
18,M,Parents,Private,ABM,90.5,77.2,26,high
18,M,Parents,Public,STEM,92.5,79,25,high
18,F,Parents,Private,ABM,93.41,63.45,26,high
19,F,Parents,Private,GAS,84.5,43.05,23,medium
19,M,Relatives,Private,STEM,86.46,47.3,25,medium
18,F,Parents,Private,STEM,92.62,69.2,31,high
18,M,Parents,Public,TVL,88,76.25,26,high
19,F,Parents,Private,ABM,91,61.7,23,high
18,F,Parents,Private,ABM,87.19,57.5,23,high
18,M,Parents,Private,STEM,94.59,78.1,25,high
20,M,Parents,Private,STEM,94,68.8,25,high
19,M,Parents,Private,STEM,84,42,25,medium
19,M,Parents,Private,ABM,93.56,49.3,26,high
19,F,Parents,Public,STEM,92,60.55,26,high
19,F,Parents,Private,ABM,90.41,61.05,26,high
18,M,Parents,Private,STEM,89.46,81.65,25,high
19,M,Parents,Private,ABM,93.26,50.15,26,high
18,F,Parents,Private,ABM,90.5,64.7,26,high
19,M,Parents,Public,ABM,84,42.15,26,medium
19,F,Educational Plan,Private,STEM,90,61.75,25,high
18,F,Parents,Private,ABM,89.34,57.35,23,high
19,F,Parents,Private,STEM,93.5,42.45,23,high
18,M,Scholarships and Grants,Private,STEM,92,50.85,25,high
19,M,Parents,Private,STEM,94.33,70.2,25,high
18,F,Relatives,Private,STEM,91,83.45,26,high
19,F,Parents,Private,TVL,89.32,49.8,23,high
19,F,Scholarships and Grants,Private,STEM,94.76,86.2,25,high
19,M,Parents,Private,ABM,83.31,56.65,23,high
19,M,Scholarships and Grants,Public,STEM,91,60.7,23,high
19,F,Parents,Private,TVL,86.98,48.85,26,medium
18,M,Parents,Public,STEM,91.42,41.95,25,high
18,M,Parents,Public,STEM,91.64,50.95,25,high
18,M,Parents,Private,STEM,89.5,71.8,25,high
19,F,Parents,Private,STEM,89.18,44.75,25,high
18,F,Parents,Private,STEM,93.93,62.25,26,high
19,M,Parents,Private,STEM,89.5,69.65,26,high
18,M,Parents,Private,STEM,86,62.1,25,medium
18,F,Parents,Private,HUMSS,93.5,66.95,26,high
19,F,Parents,Private,HUMSS,89.71,53.65,26,high
18,F,Scholarships and Grants,Private,ABM,94,62.1,26,high
18,M,Educational Plan,Private,TVL,91.31,62.2,25,medium
18,F,Parents,Private,STEM,87.58,55.95,25,high
19,M,Parents,Private,HUMSS,84.6,55.2,26,medium
19,F,Parents,Private,HUMSS,91,64.35,23,high
18,F,Parents,Private,STEM,89.36,74.4,25,high
18,F,Parents,Private,ABM,86,87.5,26,high
18,M,Parents,Private,STEM,90.36,81.1,25,high
19,F,Parents,Private,ABM,86.63,36.35,23,high
19,M,Parents,Private,STEM,89.65,94.05,25,high
19,F,Parents,Private,HUMSS,92.44,54.85,26,high
18,F,Parents,Private,ABM,86.97,69.7,26,high
18,M,Parents,Private,HUMSS,86.53,44.65,26,medium
18,F,Parents,Private,ABM,91,48.95,26,high
19,M,Relatives,Private,HUMSS,94.84,77.25,26,high
19,M,Relatives,Private,STEM,89.25,63.95,25,high
19,F,Parents,Public,ABM,95.38,64.15,26,high
18,F,Parents,Private,ABM,92.47,62.65,26,high
18,F,Parents,Private,STEM,90.29,78.55,25,medium
18,F,Parents,Private,ABM,90.5,58.1,26,high
19,M,Parents,Private,STEM,90.5,44.85,25,medium
19,F,Parents,Private,STEM,83.61,60.35,25,medium
19,M,Parents,Private,STEM,88.75,83.05,25,medium
19,F,Parents,Private,HUMSS,92.3,74.95,26,high
19,M,Parents,Private,ABM,88.25,57.25,23,high
19,F,Parents,Private,ABM,92,62.05,25,high
18,F,Parents,Public,ABM,92.31,79.75,26,high
18,F,Scholarships and Grants,Private,STEM,88,76,23,high
20,M,Parents,Private,ABM,94.44,58.05,26,high
19,M,Parents,Private,STEM,88.9,57.95,25,medium
18,F,Scholarships and Grants,Public,TVL,91.5,59.15,26,high
19,F,Scholarships and Grants,Private,STEM,95.36,82.6,25,high
18,F,Parents,Private,STEM,90.94,45.15,31,medium
19,M,Parents,Public,STEM,89.5,69.3,26,high
18,F,Parents,Private,ABM,94.5,76.7,26,high
18,M,Parents,Private,ABM,95.91,68.75,26,high
19,F,Scholarships and Grants,Private,HUMSS,94.66,83.6,26,high
19,M,Parents,Private,ABM,92.69,82.9,26,high
20,F,Parents,Private,ABM,88.76,72.05,26,high
19,M,Parents,Private,HUMSS,88,49.55,26,high
19,F,Parents,Public,TVL,83.5,48.85,26,high
18,M,Parents,Private,STEM,82.92,86.7,26,high
18,M,Parents,Private,STEM,86.25,76.5,23,high
19,F,Parents,Private,STEM,88.32,58.15,26,high
19,F,Parents,Public,STEM,91.5,77.05,23,high
19,M,Parents,Private,ABM,87.19,72.6,26,high
19,M,Parents,Private,STEM,88.49,75.05,25,medium
18,M,Parents,Private,STEM,92.4,88.4,25,high
18,M,Parents,Private,ABM,79.75,74.5,23,mlow
18,M,Parents,Private,HUMSS,80.35,28.75,26,medium
19,M,Relatives,Private,STEM,86,41.6,25,mlow
19,F,Parents,Private,STEM,91.87,64.8,25,high
18,F,Parents,Private,ABM,95.07,84.2,23,high
18,M,Scholarships and Grants,Private,STEM,94.1,65.95,26,high
18,M,Parents,Private,STEM,88.08,43.5,25,mlow
19,M,Parents,Private,ABM,86.38,34.4,23,high
19,F,Parents,Private,HUMSS,89.91,82.1,26,high
19,F,Scholarships and Grants,Public,ABM,91.81,83.4,26,high
19,F,Scholarships and Grants,Private,STEM,90.82,63.15,25,high
18,M,Scholarships and Grants,Private,TVL,91,80,23,medium
18,F,Parents,Private,ABM,87.19,50.6,26,high
19,F,Parents,Private,HUMSS,93.75,21.95,26,mlow
19,F,Parents,Private,ABM,93.61,62.35,26,high
18,F,Parents,Private,STEM,85.18,69.15,25,mlow
19,M,Parents,Private,STEM,89,70.6,23,medium
19,M,Parents,Private,STEM,79.47,18,23,mlow
19,M,Parents,Private,TVL,91.68,61.9,26,high
19,F,Parents,Private,ABM,90.04,45.25,26,high
18,M,Parents,Private,HUMSS,82.94,78.05,26,high
18,F,Self,Public,STEM,94.44,58.1,26,high
18,M,Parents,Private,STEM,89,72.15,25,mlow
18,M,Parents,Private,STEM,82.5,60.75,26,medium
19,M,Parents,Private,STEM,78,43.25,23,mlow
19,M,Parents,Public,ABM,94,82.45,25,high
19,M,Parents,Private,STEM,88,70.15,25,medium
18,M,Parents,Private,STEM,87.29,58.15,25,medium
19,F,Parents,Private,STEM,88.2,79.8,26,high
19,M,Parents,Private,STEM,87.5,84,25,medium
18,F,Parents,Private,ABM,90.12,48.75,26,high
18,F,Relatives,Public,TVL,92,73.45,26,high
18,F,Parents,Private,STEM,85.11,36.75,23,high
19,M,Parents,Private,ABM,84.04,52.4,25,medium
19,M,Parents,Private,STEM,87.1,76.75,25,high
19,F,Parents,Private,TVL,91.29,49.35,26,high
18,F,Parents,Public,GAS,98,91.75,23,high
18,M,Relatives,Private,ABM,89.5,63.05,23,high
18,M,Parents,Private,STEM,91.5,51,25,high
18,F,Parents,Private,HUMSS,90,72.3,23,high
18,M,Parents,Private,GAS,83.19,41.4,23,mlow
18,M,Parents,Private,STEM,91,86.5,25,high
18,F,Parents,Private,ABM,89,47.1,26,high
19,M,Parents,Private,STEM,91.82,70.9,25,high
19,F,Parents,Public,STEM,94,66.5,25,high
18,F,Educational Plan,Public,ABM,91.75,71,26,high
18,F,Parents,Private,STEM,93,67.95,25,high
18,F,Parents,Public,GAS,91,70.1,26,high
19,M,Scholarships and Grants,Private,TVL,92,72.2,26,high
19,F,Parents,Private,HUMSS,94.17,79.9,23,high
19,M,Parents,Private,STEM,94.13,47,25,medium
17,F,Parents,Private,STEM,89.47,56.4,26,high
19,M,Parents,Private,STEM,86.67,67.65,26,medium
19,M,Parents,Private,ABM,86.11,63.05,26,high
19,M,Parents,Private,HUMSS,93.5,86.85,23,high
18,M,Parents,Private,STEM,86.86,64.3,23,medium
19,F,Parents,Private,ABM,87.56,77.9,23,high
19,M,Parents,Private,STEM,84.64,42.8,25,mlow
18,M,Parents,Private,HUMSS,84.57,42.75,23,high
19,F,Parents,Public,TVL,89.5,48.45,26,high
20,M,Self,Private,STEM,92.5,81.05,25,high
19,M,Parents,Private,STEM,91.26,75.15,25,high
18,M,Scholarships and Grants,Private,STEM,87.86,75.65,23,medium
19,F,Parents,Private,ABM,90.91,58.85,26,high
19,F,Parents,Private,ABM,91.66,69.5,23,high
18,F,Scholarships and Grants,Private,ABM,96.02,85.8,26,high
18,M,Scholarships and Grants,Private,GAS,96.5,58.55,25,medium
18,F,Parents,Private,ABM,93.15,83.7,26,high
19,F,Parents,Private,TVL,80,55.9,25,medium
17,F,Parents,Public,STEM,88.5,48.2,26,high
18,M,Parents,Private,STEM,88.96,85.3,25,high
19,M,Parents,Private,STEM,82.4,45.05,26,medium
18,M,Parents,Private,ABM,87.47,41.9,23,high
19,M,Parents,Private,ABM,86.44,59.35,25,medium
19,M,Parents,Private,STEM,87.68,90.7,25,high
18,M,Parents,Private,STEM,94.5,75.15,25,high
20,F,Parents,Private,STEM,85.72,86.65,31,high
19,M,Parents,Public,STEM,95,93.75,25,high
18,M,Relatives,Private,STEM,89.15,77.85,25,high
18,F,Parents,Private,ABM,82.47,43.7,23,medium
19,F,Relatives,Private,HUMSS,87.22,53,26,high
19,F,Parents,Private,STEM,92.29,90.1,25,high
19,M,Parents,Private,STEM,86.4,34,23,medium
18,F,Relatives,Private,ABM,93.5,83.5,26,high
19,F,Parents,Private,ABM,91.25,80.3,26,high
19,M,Parents,Public,STEM,90.4,74.25,23,high
19,F,Parents,Private,STEM,88.89,63.2,25,high
18,F,Parents,Private,STEM,90.76,81.55,25,high
18,M,Parents,Public,ABM,93.1,87.4,26,high
18,M,Relatives,Private,ABM,91.69,82.1,26,high
19,F,Parents,Private,ABM,95.04,81.3,26,high
18,F,Parents,Private,STEM,89,73.45,23,high
19,F,Parents,Private,ABM,89.72,84.25,26,high
19,M,Parents,Private,HUMSS,83.6,87.35,23,medium
18,M,Parents,Private,HUMSS,89,66.05,26,high
18,M,Parents,Private,TVL,89.75,50.65,25,medium
18,M,Parents,Private,ABM,91.76,68.6,26,high
18,F,Parents,Private,STEM,89.5,58.25,23,high
18,M,Parents,Private,TVL,90.72,61.65,25,medium
19,M,Parents,Public,TVL,91.56,54.15,23,medium
19,F,Parents,Private,ABM,89.53,70.8,26,high
19,F,Scholarships and Grants,Private,HUMSS,90.5,66.55,26,high
19,M,Parents,Private,STEM,83.54,52.5,23,high
19,F,Parents,Private,HUMSS,88.6,34,23,high
18,F,Parents,Private,TVL,86.75,80.95,25,medium
19,F,Parents,Private,TVL,81.82,19.7,26,medium
19,F,Parents,Private,ABM,91,54.6,26,high
18,M,Parents,Private,STEM,91.5,67.85,25,high
19,F,Parents,Private,HUMSS,90.38,77.3,26,high
19,M,Scholarships and Grants,Private,STEM,92.89,71.3,25,high
19,F,Parents,Private,TVL,86.4,38.55,26,high
18,F,Scholarships and Grants,Private,STEM,92,84.2,26,high
19,F,Scholarships and Grants,Private,ABM,95,96.4,26,high
18,F,Scholarships and Grants,Private,ABM,96.85,95.3,26,high
19,F,Parents,Private,ABM,92.28,81.2,26,high
18,M,Parents,Private,STEM,89.06,42.05,25,high
18,M,Parents,Private,STEM,88.5,58.25,23,medium
19,F,Parents,Private,STEM,89.68,58.9,31,high
18,F,Relatives,Private,TVL,93.68,79.3,26,high
19,M,Parents,Private,ABM,88.9,74.2,26,high
19,F,Scholarships and Grants,Public,STEM,93.5,52.3,23,high
19,M,Relatives,Private,HUMSS,91.57,66.5,23,high
20,M,Parents,Private,STEM,94.44,86.7,25,high
18,F,Parents,Private,STEM,88.36,56,25,medium
20,M,Parents,Private,STEM,85,44.7,23,mlow
